-- MySQL Script generated by MySQL Workbench
-- Fri Nov 22 13:56:43 2019
-- Model: New Model    Version: 1.0
-- MySQL Workbench Forward Engineering

SET @OLD_UNIQUE_CHECKS=@@UNIQUE_CHECKS, UNIQUE_CHECKS=0;
SET @OLD_FOREIGN_KEY_CHECKS=@@FOREIGN_KEY_CHECKS, FOREIGN_KEY_CHECKS=0;
SET @OLD_SQL_MODE=@@SQL_MODE, SQL_MODE='ONLY_FULL_GROUP_BY,STRICT_TRANS_TABLES,NO_ZERO_IN_DATE,NO_ZERO_DATE,ERROR_FOR_DIVISION_BY_ZERO,NO_ENGINE_SUBSTITUTION';

-- -----------------------------------------------------
-- Schema mydb
-- -----------------------------------------------------
DROP SCHEMA IF EXISTS `mydb` ;

-- -----------------------------------------------------
-- Schema mydb
-- -----------------------------------------------------
CREATE SCHEMA IF NOT EXISTS `mydb` DEFAULT CHARACTER SET utf8 ;
USE `mydb` ;

-- -----------------------------------------------------
-- Table `mydb`.`guest`
-- -----------------------------------------------------
DROP TABLE IF EXISTS `mydb`.`guest` ;

CREATE TABLE IF NOT EXISTS `mydb`.`guest` (
  `guest_id` VARCHAR(45) NOT NULL,
  `password` VARCHAR(45) NOT NULL,
  `name` VARCHAR(45) NOT NULL,
  `mobile_no` INT(8) NULL DEFAULT NULL,
  `DOB` DATE NULL DEFAULT NULL,
  `nationality` VARCHAR(45) NOT NULL,
  `write_up` VARCHAR(250) NOT NULL,
  `blacklist` TINYINT(1) NOT NULL,
  PRIMARY KEY (`guest_id`))
ENGINE = InnoDB
DEFAULT CHARACTER SET = utf8
COMMENT = '\\n\\n\\n';


-- -----------------------------------------------------
-- Table `mydb`.`booking`
-- -----------------------------------------------------
DROP TABLE IF EXISTS `mydb`.`booking` ;

CREATE TABLE IF NOT EXISTS `mydb`.`booking` (
  `booking_id` INT(11) NOT NULL,
  `guest_id` VARCHAR(45) NOT NULL,
  `adult_no` INT(11) NOT NULL,
  `child_no` INT(3) NOT NULL,
  `cost_per_pax` DECIMAL(6,2) NOT NULL,
  `total_cost` DECIMAL(6,2) NOT NULL,
  `visit_date` DATE NOT NULL,
  `booking_date` DATE NOT NULL,
  `booking_expirydate` DATE NOT NULL,
  `meal_type` VARCHAR(45) NOT NULL,
  `message` VARCHAR(250) NOT NULL,
  `special_req` TINYINT(1) NOT NULL,
  `completed` TINYINT(1) NOT NULL,
  PRIMARY KEY (`booking_id`),
  INDEX `fk_booking_guests_idx` (`guest_id` ASC),
  CONSTRAINT `fk_booking_guests`
    FOREIGN KEY (`guest_id`)
    REFERENCES `mydb`.`guest` (`guest_id`)
    ON DELETE CASCADE
    ON UPDATE CASCADE)
ENGINE = InnoDB
DEFAULT CHARACTER SET = utf8;


-- -----------------------------------------------------
-- Table `mydb`.`location`
-- -----------------------------------------------------
DROP TABLE IF EXISTS `mydb`.`location` ;

CREATE TABLE IF NOT EXISTS `mydb`.`location` (
  `location_id` CHAR(3) NOT NULL,
  `district_name` VARCHAR(45) NOT NULL,
  `region_name` VARCHAR(45) NOT NULL,
  PRIMARY KEY (`location_id`))
ENGINE = InnoDB
DEFAULT CHARACTER SET = utf8;


-- -----------------------------------------------------
-- Table `mydb`.`booking_has_location`
-- -----------------------------------------------------
DROP TABLE IF EXISTS `mydb`.`booking_has_location` ;

CREATE TABLE IF NOT EXISTS `mydb`.`booking_has_location` (
  `booking_id` INT(11) NOT NULL,
  `location_id` CHAR(3) NOT NULL,
  `booking_district` VARCHAR(45) NOT NULL,
  PRIMARY KEY (`booking_id`, `location_id`),
  INDEX `fk_booking_has_location_location1_idx` (`location_id` ASC),
  INDEX `fk_booking_has_location_booking1_idx` (`booking_id` ASC),
  CONSTRAINT `fk_booking_has_location_booking1`
    FOREIGN KEY (`booking_id`)
    REFERENCES `mydb`.`booking` (`booking_id`)
    ON DELETE CASCADE
    ON UPDATE CASCADE,
  CONSTRAINT `fk_booking_has_location_location1`
    FOREIGN KEY (`location_id`)
    REFERENCES `mydb`.`location` (`location_id`)
    ON DELETE CASCADE
    ON UPDATE CASCADE)
ENGINE = InnoDB
DEFAULT CHARACTER SET = utf8;


-- -----------------------------------------------------
-- Table `mydb`.`host`
-- -----------------------------------------------------
DROP TABLE IF EXISTS `mydb`.`host` ;

CREATE TABLE IF NOT EXISTS `mydb`.`host` (
  `host_id` VARCHAR(45) NOT NULL,
  `password` VARCHAR(45) NOT NULL,
  `name` VARCHAR(45) NOT NULL,
  `mobile_no` INT(8) NOT NULL,
  `home_address` VARCHAR(250) NOT NULL,
  `DOB` DATE NOT NULL,
  `nationality` VARCHAR(45) NOT NULL,
  `bank_account_no` INT(9) NOT NULL,
  `write_up` VARCHAR(250) NOT NULL,
  `verification` TINYINT(1) NOT NULL,
  `blacklist` TINYINT(1) NOT NULL,
  PRIMARY KEY (`host_id`))
ENGINE = InnoDB
DEFAULT CHARACTER SET = utf8;


-- -----------------------------------------------------
-- Table `mydb`.`feedback`
-- -----------------------------------------------------
DROP TABLE IF EXISTS `mydb`.`feedback` ;

CREATE TABLE IF NOT EXISTS `mydb`.`feedback` (
  `feedback_id` INT(11) NOT NULL,
  `booking_id` INT(11) NOT NULL,
  `host_id` VARCHAR(45) NULL DEFAULT NULL,
  `guest_id` VARCHAR(45) NULL DEFAULT NULL,
  `host_rating` INT(1) NULL DEFAULT NULL,
  `host_feedback` VARCHAR(250) NULL DEFAULT NULL,
  `host_public` TINYINT(4) NULL DEFAULT NULL,
  `host_timestamp` DATETIME NULL DEFAULT NULL,
  `guest_rating` INT(1) NULL DEFAULT NULL,
  `guest_feedback` VARCHAR(250) NULL DEFAULT NULL,
  `guest_public` VARCHAR(45) NULL DEFAULT NULL,
  `guest_timestamp` DATETIME NULL DEFAULT NULL,
  PRIMARY KEY (`feedback_id`),
  INDEX `fk_feedback_booking1_idx` (`booking_id` ASC),
  INDEX `fk_feedback_hosts1_idx` (`host_id` ASC),
  INDEX `fk_feedback_guests1_idx` (`guest_id` ASC),
  CONSTRAINT `fk_feedback_booking1`
    FOREIGN KEY (`booking_id`)
    REFERENCES `mydb`.`booking` (`booking_id`)
    ON DELETE CASCADE
    ON UPDATE CASCADE,
  CONSTRAINT `fk_feedback_guests1`
    FOREIGN KEY (`guest_id`)
    REFERENCES `mydb`.`guest` (`guest_id`)
    ON DELETE CASCADE
    ON UPDATE CASCADE,
  CONSTRAINT `fk_feedback_hosts1`
    FOREIGN KEY (`host_id`)
    REFERENCES `mydb`.`host` (`host_id`)
    ON DELETE CASCADE
    ON UPDATE CASCADE)
ENGINE = InnoDB
DEFAULT CHARACTER SET = utf8;


-- -----------------------------------------------------
-- Table `mydb`.`language`
-- -----------------------------------------------------
DROP TABLE IF EXISTS `mydb`.`language` ;

CREATE TABLE IF NOT EXISTS `mydb`.`language` (
  `language_id` CHAR(3) NOT NULL,
  `language_name` VARCHAR(45) NULL DEFAULT NULL,
  PRIMARY KEY (`language_id`))
ENGINE = InnoDB
DEFAULT CHARACTER SET = utf8;


-- -----------------------------------------------------
-- Table `mydb`.`guest_has_language`
-- -----------------------------------------------------
DROP TABLE IF EXISTS `mydb`.`guest_has_language` ;

CREATE TABLE IF NOT EXISTS `mydb`.`guest_has_language` (
  `guestlang_id` VARCHAR(45) NOT NULL,
  `guest_id` VARCHAR(45) NOT NULL,
  `language_id` CHAR(3) NOT NULL,
  `proficiency` VARCHAR(45) NOT NULL,
  PRIMARY KEY (`guestlang_id`),
  INDEX `fk_guests_has_language_language1_idx` (`language_id` ASC),
  INDEX `fk_guests_has_language_guests1_idx` (`guest_id` ASC),
  CONSTRAINT `fk_guests_has_language_guests1`
    FOREIGN KEY (`guest_id`)
    REFERENCES `mydb`.`guest` (`guest_id`)
    ON DELETE CASCADE
    ON UPDATE CASCADE,
  CONSTRAINT `fk_guests_has_language_language1`
    FOREIGN KEY (`language_id`)
    REFERENCES `mydb`.`language` (`language_id`)
    ON DELETE CASCADE
    ON UPDATE CASCADE)
ENGINE = InnoDB
DEFAULT CHARACTER SET = utf8;


-- -----------------------------------------------------
-- Table `mydb`.`host_has_guests`
-- -----------------------------------------------------
DROP TABLE IF EXISTS `mydb`.`host_has_guests` ;

CREATE TABLE IF NOT EXISTS `mydb`.`host_has_guests` (
  `message_id` VARCHAR(45) NOT NULL,
  `host_id` VARCHAR(45) NOT NULL,
  `guest_id` VARCHAR(45) NOT NULL,
  `booking_id` INT(11) NOT NULL,
  `message` VARCHAR(45) NOT NULL,
  PRIMARY KEY (`message_id`),
  INDEX `fk_hosts_has_guests_guests1_idx` (`guest_id` ASC),
  INDEX `fk_hosts_has_guests_hosts1_idx` (`host_id` ASC),
  INDEX `fk_host_has_guests_booking1_idx` (`booking_id` ASC),
  CONSTRAINT `fk_host_has_guests_booking1`
    FOREIGN KEY (`booking_id`)
    REFERENCES `mydb`.`booking` (`booking_id`)
    ON DELETE CASCADE
    ON UPDATE CASCADE,
  CONSTRAINT `fk_hosts_has_guests_guests1`
    FOREIGN KEY (`guest_id`)
    REFERENCES `mydb`.`guest` (`guest_id`)
    ON DELETE CASCADE
    ON UPDATE CASCADE,
  CONSTRAINT `fk_hosts_has_guests_hosts1`
    FOREIGN KEY (`host_id`)
    REFERENCES `mydb`.`host` (`host_id`)
    ON DELETE CASCADE
    ON UPDATE CASCADE)
ENGINE = InnoDB
DEFAULT CHARACTER SET = utf8;


-- -----------------------------------------------------
-- Table `mydb`.`host_has_language`
-- -----------------------------------------------------
DROP TABLE IF EXISTS `mydb`.`host_has_language` ;

CREATE TABLE IF NOT EXISTS `mydb`.`host_has_language` (
  `hostlang_id` INT(11) NOT NULL,
  `host_id` VARCHAR(45) NOT NULL,
  `language_id` CHAR(3) NOT NULL,
  `proficiency` VARCHAR(45) NOT NULL,
  PRIMARY KEY (`hostlang_id`),
  INDEX `fk_hosts_has_language_language1_idx` (`language_id` ASC),
  INDEX `fk_hosts_has_language_hosts1_idx` (`host_id` ASC),
  CONSTRAINT `fk_hosts_has_language_hosts1`
    FOREIGN KEY (`host_id`)
    REFERENCES `mydb`.`host` (`host_id`)
    ON DELETE CASCADE
    ON UPDATE CASCADE,
  CONSTRAINT `fk_hosts_has_language_language1`
    FOREIGN KEY (`language_id`)
    REFERENCES `mydb`.`language` (`language_id`)
    ON DELETE CASCADE
    ON UPDATE CASCADE)
ENGINE = InnoDB
DEFAULT CHARACTER SET = utf8;


-- -----------------------------------------------------
-- Table `mydb`.`host_has_location`
-- -----------------------------------------------------
DROP TABLE IF EXISTS `mydb`.`host_has_location` ;

CREATE TABLE IF NOT EXISTS `mydb`.`host_has_location` (
  `host_id` VARCHAR(45) NOT NULL,
  `location_id` CHAR(3) NOT NULL,
  `host_district` VARCHAR(45) NOT NULL,
  PRIMARY KEY (`host_id`, `location_id`),
  INDEX `fk_hosts_has_location_location1_idx` (`location_id` ASC),
  INDEX `fk_hosts_has_location_hosts1_idx` (`host_id` ASC),
  CONSTRAINT `fk_hosts_has_location_hosts1`
    FOREIGN KEY (`host_id`)
    REFERENCES `mydb`.`host` (`host_id`)
    ON DELETE CASCADE
    ON UPDATE CASCADE,
  CONSTRAINT `fk_hosts_has_location_location1`
    FOREIGN KEY (`location_id`)
    REFERENCES `mydb`.`location` (`location_id`)
    ON DELETE CASCADE
    ON UPDATE CASCADE)
ENGINE = InnoDB
DEFAULT CHARACTER SET = utf8;


-- -----------------------------------------------------
-- Table `mydb`.`hostguest_has_booking`
-- -----------------------------------------------------
DROP TABLE IF EXISTS `mydb`.`hostguest_has_booking` ;

CREATE TABLE IF NOT EXISTS `mydb`.`hostguest_has_booking` (
  `offer_id` INT(11) NOT NULL,
  `host_id` VARCHAR(45) NOT NULL,
  `booking_id` INT(11) NOT NULL,
  `offer_message` VARCHAR(250) NOT NULL,
  `offer_startdate` DATE NOT NULL,
  `offer_expirydate` DATE NOT NULL,
  PRIMARY KEY (`offer_id`),
  INDEX `fk_hosts_has_booking_hosts1_idx` (`host_id` ASC),
  INDEX `fk_hosts_has_booking_booking1_idx` (`booking_id` ASC),
  CONSTRAINT `fk_hosts_has_booking_booking1`
    FOREIGN KEY (`booking_id`)
    REFERENCES `mydb`.`booking` (`booking_id`)
    ON DELETE CASCADE
    ON UPDATE CASCADE,
  CONSTRAINT `fk_hosts_has_booking_hosts1`
    FOREIGN KEY (`host_id`)
    REFERENCES `mydb`.`host` (`host_id`)
    ON DELETE CASCADE
    ON UPDATE CASCADE)
ENGINE = InnoDB
DEFAULT CHARACTER SET = utf8;


-- -----------------------------------------------------
-- Table `mydb`.`transaction`
-- -----------------------------------------------------
DROP TABLE IF EXISTS `mydb`.`transaction` ;

CREATE TABLE IF NOT EXISTS `mydb`.`transaction` (
  `transaction_id` CHAR(4) NOT NULL,
  `transaction_type` VARCHAR(45) NOT NULL,
  `amount` DECIMAL(6,2) NULL DEFAULT NULL,
  PRIMARY KEY (`transaction_id`))
ENGINE = InnoDB
DEFAULT CHARACTER SET = utf8;


-- -----------------------------------------------------
-- Table `mydb`.`hostguest_has_transaction`
-- -----------------------------------------------------
DROP TABLE IF EXISTS `mydb`.`hostguest_has_transaction` ;

CREATE TABLE IF NOT EXISTS `mydb`.`hostguest_has_transaction` (
  `payment_id` INT(11) NOT NULL,
  `transaction_id` CHAR(4) NOT NULL,
  `host_id` VARCHAR(45) NULL DEFAULT NULL,
  `booking_id` INT(11) NULL DEFAULT NULL,
  `guest_id` VARCHAR(45) NULL DEFAULT NULL,
  `transaction_desc` VARCHAR(45) NOT NULL,
  `transaction_amount` VARCHAR(45) NOT NULL,
  `date` DATE NOT NULL,
  PRIMARY KEY (`payment_id`),
  INDEX `fk_hosts_has_transaction_transaction1_idx` (`transaction_id` ASC),
  INDEX `fk_hosts_has_transaction_hosts1_idx` (`host_id` ASC),
  INDEX `fk_hostsguest_has_transaction_booking1_idx` (`booking_id` ASC),
  INDEX `fk_hostsguest_has_transaction_guests1_idx` (`guest_id` ASC),
  CONSTRAINT `fk_hosts_has_transaction_hosts1`
    FOREIGN KEY (`host_id`)
    REFERENCES `mydb`.`host` (`host_id`)
    ON DELETE CASCADE
    ON UPDATE CASCADE,
  CONSTRAINT `fk_hosts_has_transaction_transaction1`
    FOREIGN KEY (`transaction_id`)
    REFERENCES `mydb`.`transaction` (`transaction_id`)
    ON DELETE CASCADE
    ON UPDATE CASCADE,
  CONSTRAINT `fk_hostsguest_has_transaction_booking1`
    FOREIGN KEY (`booking_id`)
    REFERENCES `mydb`.`booking` (`booking_id`)
    ON DELETE CASCADE
    ON UPDATE CASCADE,
  CONSTRAINT `fk_hostsguest_has_transaction_guests1`
    FOREIGN KEY (`guest_id`)
    REFERENCES `mydb`.`guest` (`guest_id`)
    ON DELETE CASCADE
    ON UPDATE CASCADE)
ENGINE = InnoDB
DEFAULT CHARACTER SET = utf8;


-- -----------------------------------------------------
-- Table `mydb`.`status`
-- -----------------------------------------------------
DROP TABLE IF EXISTS `mydb`.`status` ;

CREATE TABLE IF NOT EXISTS `mydb`.`status` (
  `status_id` INT NOT NULL,
  `booking_id` INT(11) NOT NULL,
  `offer_status` VARCHAR(45) NOT NULL,
  `booking_status` VARCHAR(45) NOT NULL,
  PRIMARY KEY (`status_id`),
  INDEX `fk_status_booking1_idx` (`booking_id` ASC),
  CONSTRAINT `fk_status_booking1`
    FOREIGN KEY (`booking_id`)
    REFERENCES `mydb`.`booking` (`booking_id`)
    ON DELETE CASCADE
    ON UPDATE CASCADE)
ENGINE = InnoDB
DEFAULT CHARACTER SET = utf8;


SET SQL_MODE=@OLD_SQL_MODE;
SET FOREIGN_KEY_CHECKS=@OLD_FOREIGN_KEY_CHECKS;
SET UNIQUE_CHECKS=@OLD_UNIQUE_CHECKS;

-- -----------------------------------------------------
-- Data for table `mydb`.`guest`
-- -----------------------------------------------------
START TRANSACTION;
USE `mydb`;
INSERT INTO `mydb`.`guest` (`guest_id`, `password`, `name`, `mobile_no`, `DOB`, `nationality`, `write_up`, `blacklist`) VALUES ('ally@email.com', 'keyboard1', 'Ally', 91234567, '2010-02-02', 'Germany', 'I am clean', 0);
INSERT INTO `mydb`.`guest` (`guest_id`, `password`, `name`, `mobile_no`, `DOB`, `nationality`, `write_up`, `blacklist`) VALUES ('bear@email.com', 'keyboard2', 'Bear', 91234568, '2010-02-03', 'Malaysia', 'I like dogs', 0);
INSERT INTO `mydb`.`guest` (`guest_id`, `password`, `name`, `mobile_no`, `DOB`, `nationality`, `write_up`, `blacklist`) VALUES ('cat@email.com', 'keyboard3', 'Cat', 91234569, '2010-02-04', 'China', 'I can play with kids', 0);
INSERT INTO `mydb`.`guest` (`guest_id`, `password`, `name`, `mobile_no`, `DOB`, `nationality`, `write_up`, `blacklist`) VALUES ('dog@email.com', 'keyboard4', 'Dog', 91234570, '2010-02-05', 'United States', 'I need help with my bags', 0);
INSERT INTO `mydb`.`guest` (`guest_id`, `password`, `name`, `mobile_no`, `DOB`, `nationality`, `write_up`, `blacklist`) VALUES ('flamingo@email.com', 'keyboard5', 'Flamingo', 91234571, '2010-02-06', 'Thailand', 'I can eat a lot', 0);
INSERT INTO `mydb`.`guest` (`guest_id`, `password`, `name`, `mobile_no`, `DOB`, `nationality`, `write_up`, `blacklist`) VALUES ('giraffe@email.com', 'keyboard6', 'Giraffe', 91234572, '2010-02-07', 'Vietnam', 'I am tall and thin', 0);
INSERT INTO `mydb`.`guest` (`guest_id`, `password`, `name`, `mobile_no`, `DOB`, `nationality`, `write_up`, `blacklist`) VALUES ('horse@email.com', 'keyboard7', 'Horse', 91234573, '2010-02-08', 'Australia', 'I can run fast and help with housework', 0);
INSERT INTO `mydb`.`guest` (`guest_id`, `password`, `name`, `mobile_no`, `DOB`, `nationality`, `write_up`, `blacklist`) VALUES ('ibis@email.com', 'keyboard8', 'Ibis', 91234574, '2010-02-09', 'Korea', 'I have no money', 1);

COMMIT;


-- -----------------------------------------------------
-- Data for table `mydb`.`booking`
-- -----------------------------------------------------
START TRANSACTION;
USE `mydb`;
INSERT INTO `mydb`.`booking` (`booking_id`, `guest_id`, `adult_no`, `child_no`, `cost_per_pax`, `total_cost`, `visit_date`, `booking_date`, `booking_expirydate`, `meal_type`, `message`, `special_req`, `completed`) VALUES (1, 'ally@email.com', 1, 2, 53, 159, '2019-09-10', '2019-09-01', '2019-09-04', 'lunch', 'I need airport transfers', 1, 1);
INSERT INTO `mydb`.`booking` (`booking_id`, `guest_id`, `adult_no`, `child_no`, `cost_per_pax`, `total_cost`, `visit_date`, `booking_date`, `booking_expirydate`, `meal_type`, `message`, `special_req`, `completed`) VALUES (2, 'bear@email.com', 2, 2, 62, 248, '2019-09-11', '2019-09-02', '2019-09-05', 'dinner', 'I need help with bags', 1, 1);
INSERT INTO `mydb`.`booking` (`booking_id`, `guest_id`, `adult_no`, `child_no`, `cost_per_pax`, `total_cost`, `visit_date`, `booking_date`, `booking_expirydate`, `meal_type`, `message`, `special_req`, `completed`) VALUES (3, 'cat@email.com', 4, 2, 83, 498, '2019-09-12', '2019-09-03', '2019-09-06', 'lunch', 'I have kids', 1, 1);
INSERT INTO `mydb`.`booking` (`booking_id`, `guest_id`, `adult_no`, `child_no`, `cost_per_pax`, `total_cost`, `visit_date`, `booking_date`, `booking_expirydate`, `meal_type`, `message`, `special_req`, `completed`) VALUES (4, 'dog@email.com', 8, 4, 84, 1008, '2019-10-13', '2019-09-04', '2019-09-07', 'lunch', 'I have 5 bags', 0, 1);
INSERT INTO `mydb`.`booking` (`booking_id`, `guest_id`, `adult_no`, `child_no`, `cost_per_pax`, `total_cost`, `visit_date`, `booking_date`, `booking_expirydate`, `meal_type`, `message`, `special_req`, `completed`) VALUES (5, 'flamingo@email.com', 2, 0, 65, 130, '2019-10-14', '2019-09-04', '2019-09-07', 'dinner', 'I like waterfalls', 0, 1);
INSERT INTO `mydb`.`booking` (`booking_id`, `guest_id`, `adult_no`, `child_no`, `cost_per_pax`, `total_cost`, `visit_date`, `booking_date`, `booking_expirydate`, `meal_type`, `message`, `special_req`, `completed`) VALUES (6, 'giraffe@email.com', 4, 10, 107, 1498, '2019-10-25', '2019-09-06', '2019-09-09', 'dinner', 'I only eat pork', 1, 1);
INSERT INTO `mydb`.`booking` (`booking_id`, `guest_id`, `adult_no`, `child_no`, `cost_per_pax`, `total_cost`, `visit_date`, `booking_date`, `booking_expirydate`, `meal_type`, `message`, `special_req`, `completed`) VALUES (7, 'horse@email.com', 6, 3, 112, 1008, '2019-10-26', '2019-09-07', '2019-09-10', 'dinner', 'I need airport transfers', 1, 1);
INSERT INTO `mydb`.`booking` (`booking_id`, `guest_id`, `adult_no`, `child_no`, `cost_per_pax`, `total_cost`, `visit_date`, `booking_date`, `booking_expirydate`, `meal_type`, `message`, `special_req`, `completed`) VALUES (8, 'ally@email.com', 3, 8, 103, 1133, '2019-10-27', '2019-09-08', '2019-09-11', 'lunch', 'I need airport transfers', 1, 1);
INSERT INTO `mydb`.`booking` (`booking_id`, `guest_id`, `adult_no`, `child_no`, `cost_per_pax`, `total_cost`, `visit_date`, `booking_date`, `booking_expirydate`, `meal_type`, `message`, `special_req`, `completed`) VALUES (9, 'ally@email.com', 1, 2, 54, 162, '2019-10-28', '2019-09-09', '2019-09-12', 'lunch', 'I am vegetarian', 1, 1);
INSERT INTO `mydb`.`booking` (`booking_id`, `guest_id`, `adult_no`, `child_no`, `cost_per_pax`, `total_cost`, `visit_date`, `booking_date`, `booking_expirydate`, `meal_type`, `message`, `special_req`, `completed`) VALUES (10, 'bear@email.com', 2, 4, 65, 390, '2019-10-29', '2019-09-10', '2019-09-13', 'dinner', 'I am vegan', 1, 1);
INSERT INTO `mydb`.`booking` (`booking_id`, `guest_id`, `adult_no`, `child_no`, `cost_per_pax`, `total_cost`, `visit_date`, `booking_date`, `booking_expirydate`, `meal_type`, `message`, `special_req`, `completed`) VALUES (11, 'cat@email.com', 3, 6, 76, 684, '2019-10-30', '2019-09-28', '2019-10-01', 'lunch', 'I eat fish only', 1, 1);
INSERT INTO `mydb`.`booking` (`booking_id`, `guest_id`, `adult_no`, `child_no`, `cost_per_pax`, `total_cost`, `visit_date`, `booking_date`, `booking_expirydate`, `meal_type`, `message`, `special_req`, `completed`) VALUES (12, 'dog@email.com', 4, 8, 86, 1032, '2019-10-31', '2019-09-29', '2019-10-02', 'lunch', 'I don?t eat eggs', 1, 1);
INSERT INTO `mydb`.`booking` (`booking_id`, `guest_id`, `adult_no`, `child_no`, `cost_per_pax`, `total_cost`, `visit_date`, `booking_date`, `booking_expirydate`, `meal_type`, `message`, `special_req`, `completed`) VALUES (13, 'flamingo@email.com', 5, 10, 97, 1455, '2019-11-01', '2019-09-30', '2019-10-03', 'dinner', 'I only eat pork', 1, 1);
INSERT INTO `mydb`.`booking` (`booking_id`, `guest_id`, `adult_no`, `child_no`, `cost_per_pax`, `total_cost`, `visit_date`, `booking_date`, `booking_expirydate`, `meal_type`, `message`, `special_req`, `completed`) VALUES (14, 'giraffe@email.com', 6, 12, 104, 1872, '2019-11-02', '2019-09-30', '2019-10-03', 'dinner', 'I have 5 bags', 0, 1);
INSERT INTO `mydb`.`booking` (`booking_id`, `guest_id`, `adult_no`, `child_no`, `cost_per_pax`, `total_cost`, `visit_date`, `booking_date`, `booking_expirydate`, `meal_type`, `message`, `special_req`, `completed`) VALUES (15, 'horse@email.com', 7, 14, 113, 2373, '2019-11-03', '2019-10-01', '2019-10-04', 'dinner', 'I like waterfalls', 0, 1);
INSERT INTO `mydb`.`booking` (`booking_id`, `guest_id`, `adult_no`, `child_no`, `cost_per_pax`, `total_cost`, `visit_date`, `booking_date`, `booking_expirydate`, `meal_type`, `message`, `special_req`, `completed`) VALUES (16, 'ally@email.com', 8, 16, 122, 2928, '2019-11-04', '2019-10-02', '2019-10-05', 'lunch', 'I am vegetarian', 1, 1);
INSERT INTO `mydb`.`booking` (`booking_id`, `guest_id`, `adult_no`, `child_no`, `cost_per_pax`, `total_cost`, `visit_date`, `booking_date`, `booking_expirydate`, `meal_type`, `message`, `special_req`, `completed`) VALUES (17, 'bear@email.com', 9, 1, 58, 580, '2019-11-05', '2019-10-03', '2019-10-06', 'lunch', 'I am vegan', 1, 1);
INSERT INTO `mydb`.`booking` (`booking_id`, `guest_id`, `adult_no`, `child_no`, `cost_per_pax`, `total_cost`, `visit_date`, `booking_date`, `booking_expirydate`, `meal_type`, `message`, `special_req`, `completed`) VALUES (18, 'cat@email.com', 10, 3, 62, 806, '2019-11-06', '2019-10-04', '2019-10-07', 'dinner', 'I eat fish only', 1, 1);
INSERT INTO `mydb`.`booking` (`booking_id`, `guest_id`, `adult_no`, `child_no`, `cost_per_pax`, `total_cost`, `visit_date`, `booking_date`, `booking_expirydate`, `meal_type`, `message`, `special_req`, `completed`) VALUES (19, 'dog@email.com', 11, 5, 72, 1152, '2019-11-07', '2019-10-05', '2019-10-08', 'lunch', 'I don?t eat eggs', 1, 1);
INSERT INTO `mydb`.`booking` (`booking_id`, `guest_id`, `adult_no`, `child_no`, `cost_per_pax`, `total_cost`, `visit_date`, `booking_date`, `booking_expirydate`, `meal_type`, `message`, `special_req`, `completed`) VALUES (20, 'flamingo@email.com', 12, 7, 82, 1558, '2019-11-08', '2019-10-06', '2019-10-09', 'lunch', 'I am easy', 0, 1);
INSERT INTO `mydb`.`booking` (`booking_id`, `guest_id`, `adult_no`, `child_no`, `cost_per_pax`, `total_cost`, `visit_date`, `booking_date`, `booking_expirydate`, `meal_type`, `message`, `special_req`, `completed`) VALUES (21, 'giraffe@email.com', 13, 9, 93, 2046, '2019-11-09', '2019-10-07', '2019-10-10', 'dinner', 'I eat fish only', 1, 1);
INSERT INTO `mydb`.`booking` (`booking_id`, `guest_id`, `adult_no`, `child_no`, `cost_per_pax`, `total_cost`, `visit_date`, `booking_date`, `booking_expirydate`, `meal_type`, `message`, `special_req`, `completed`) VALUES (22, 'horse@email.com', 14, 11, 104, 2600, '2019-11-10', '2019-10-08', '2019-10-11', 'dinner', 'I don?t eat eggs', 1, 1);
INSERT INTO `mydb`.`booking` (`booking_id`, `guest_id`, `adult_no`, `child_no`, `cost_per_pax`, `total_cost`, `visit_date`, `booking_date`, `booking_expirydate`, `meal_type`, `message`, `special_req`, `completed`) VALUES (23, 'cat@email.com', 1, 3, 55, 220, '2019-11-11', '2019-10-08', '2019-10-11', 'dinner', 'I have 5 bags', 0, 1);
INSERT INTO `mydb`.`booking` (`booking_id`, `guest_id`, `adult_no`, `child_no`, `cost_per_pax`, `total_cost`, `visit_date`, `booking_date`, `booking_expirydate`, `meal_type`, `message`, `special_req`, `completed`) VALUES (24, 'dog@email.com', 2, 2, 66, 264, '2019-11-12', '2019-10-08', '2019-10-11', 'dinner', 'I like waterfalls', 0, 1);
INSERT INTO `mydb`.`booking` (`booking_id`, `guest_id`, `adult_no`, `child_no`, `cost_per_pax`, `total_cost`, `visit_date`, `booking_date`, `booking_expirydate`, `meal_type`, `message`, `special_req`, `completed`) VALUES (25, 'flamingo@email.com', 3, 3, 77, 462, '2019-11-13', '2019-10-09', '2019-10-12', 'lunch', 'I am vegetarian', 1, 1);
INSERT INTO `mydb`.`booking` (`booking_id`, `guest_id`, `adult_no`, `child_no`, `cost_per_pax`, `total_cost`, `visit_date`, `booking_date`, `booking_expirydate`, `meal_type`, `message`, `special_req`, `completed`) VALUES (26, 'giraffe@email.com', 4, 3, 81, 567, '2019-11-14', '2019-10-10', '2019-10-13', 'lunch', 'I am vegan', 1, 1);
INSERT INTO `mydb`.`booking` (`booking_id`, `guest_id`, `adult_no`, `child_no`, `cost_per_pax`, `total_cost`, `visit_date`, `booking_date`, `booking_expirydate`, `meal_type`, `message`, `special_req`, `completed`) VALUES (27, 'horse@email.com', 5, 4, 92, 828, '2019-11-15', '2019-10-11', '2019-10-14', 'dinner', 'I eat fish only', 1, 1);
INSERT INTO `mydb`.`booking` (`booking_id`, `guest_id`, `adult_no`, `child_no`, `cost_per_pax`, `total_cost`, `visit_date`, `booking_date`, `booking_expirydate`, `meal_type`, `message`, `special_req`, `completed`) VALUES (28, 'ally@email.com', 6, 6, 104, 1248, '2019-11-16', '2019-10-12', '2019-10-15', 'lunch', 'I don?t eat eggs', 1, 0);
INSERT INTO `mydb`.`booking` (`booking_id`, `guest_id`, `adult_no`, `child_no`, `cost_per_pax`, `total_cost`, `visit_date`, `booking_date`, `booking_expirydate`, `meal_type`, `message`, `special_req`, `completed`) VALUES (29, 'bear@email.com', 7, 3, 92, 920, '2019-11-17', '2019-10-13', '2019-10-16', 'lunch', 'I am easy', 0, 0);
INSERT INTO `mydb`.`booking` (`booking_id`, `guest_id`, `adult_no`, `child_no`, `cost_per_pax`, `total_cost`, `visit_date`, `booking_date`, `booking_expirydate`, `meal_type`, `message`, `special_req`, `completed`) VALUES (30, 'cat@email.com', 8, 1, 103, 927, '2019-11-18', '2019-10-14', '2019-10-17', 'dinner', 'I eat fish only', 1, 0);
INSERT INTO `mydb`.`booking` (`booking_id`, `guest_id`, `adult_no`, `child_no`, `cost_per_pax`, `total_cost`, `visit_date`, `booking_date`, `booking_expirydate`, `meal_type`, `message`, `special_req`, `completed`) VALUES (31, 'dog@email.com', 9, 2, 118, 1298, '2019-11-19', '2019-10-15', '2019-10-18', 'dinner', 'I don?t eat eggs', 1, 0);
INSERT INTO `mydb`.`booking` (`booking_id`, `guest_id`, `adult_no`, `child_no`, `cost_per_pax`, `total_cost`, `visit_date`, `booking_date`, `booking_expirydate`, `meal_type`, `message`, `special_req`, `completed`) VALUES (32, 'flamingo@email.com', 10, 3, 125, 1625, '2019-11-20', '2019-10-16', '2019-10-19', 'dinner', 'I have 5 bags', 0, 0);
INSERT INTO `mydb`.`booking` (`booking_id`, `guest_id`, `adult_no`, `child_no`, `cost_per_pax`, `total_cost`, `visit_date`, `booking_date`, `booking_expirydate`, `meal_type`, `message`, `special_req`, `completed`) VALUES (33, 'giraffe@email.com', 11, 5, 53, 848, '2019-11-21', '2019-10-17', '2019-10-20', 'dinner', 'I like waterfalls', 0, 0);
INSERT INTO `mydb`.`booking` (`booking_id`, `guest_id`, `adult_no`, `child_no`, `cost_per_pax`, `total_cost`, `visit_date`, `booking_date`, `booking_expirydate`, `meal_type`, `message`, `special_req`, `completed`) VALUES (34, 'horse@email.com', 12, 7, 64, 1216, '2019-11-22', '2019-10-18', '2019-10-21', 'lunch', 'I am vegetarian', 1, 0);
INSERT INTO `mydb`.`booking` (`booking_id`, `guest_id`, `adult_no`, `child_no`, `cost_per_pax`, `total_cost`, `visit_date`, `booking_date`, `booking_expirydate`, `meal_type`, `message`, `special_req`, `completed`) VALUES (35, 'cat@email.com', 13, 9, 75, 1650, '2019-11-23', '2019-10-18', '2019-10-21', 'lunch', 'I am vegan', 1, 0);
INSERT INTO `mydb`.`booking` (`booking_id`, `guest_id`, `adult_no`, `child_no`, `cost_per_pax`, `total_cost`, `visit_date`, `booking_date`, `booking_expirydate`, `meal_type`, `message`, `special_req`, `completed`) VALUES (36, 'dog@email.com', 14, 11, 93, 2325, '2019-11-24', '2019-10-19', '2019-10-22', 'dinner', 'I eat fish only', 1, 0);
INSERT INTO `mydb`.`booking` (`booking_id`, `guest_id`, `adult_no`, `child_no`, `cost_per_pax`, `total_cost`, `visit_date`, `booking_date`, `booking_expirydate`, `meal_type`, `message`, `special_req`, `completed`) VALUES (37, 'flamingo@email.com', 15, 13, 104, 2912, '2019-11-25', '2019-10-20', '2019-10-23', 'lunch', 'I don?t eat eggs', 1, 0);
INSERT INTO `mydb`.`booking` (`booking_id`, `guest_id`, `adult_no`, `child_no`, `cost_per_pax`, `total_cost`, `visit_date`, `booking_date`, `booking_expirydate`, `meal_type`, `message`, `special_req`, `completed`) VALUES (38, 'giraffe@email.com', 16, 15, 114, 3534, '2019-11-26', '2019-10-20', '2019-10-23', 'lunch', 'I am easy', 0, 0);
INSERT INTO `mydb`.`booking` (`booking_id`, `guest_id`, `adult_no`, `child_no`, `cost_per_pax`, `total_cost`, `visit_date`, `booking_date`, `booking_expirydate`, `meal_type`, `message`, `special_req`, `completed`) VALUES (39, 'horse@email.com', 17, 17, 125, 4250, '2019-11-27', '2019-10-21', '2019-10-24', 'dinner', 'I eat fish only', 1, 0);
INSERT INTO `mydb`.`booking` (`booking_id`, `guest_id`, `adult_no`, `child_no`, `cost_per_pax`, `total_cost`, `visit_date`, `booking_date`, `booking_expirydate`, `meal_type`, `message`, `special_req`, `completed`) VALUES (40, 'ally@email.com', 18, 19, 52, 1924, '2019-11-28', '2019-10-22', '2019-10-25', 'dinner', 'I don?t eat eggs', 1, 0);
INSERT INTO `mydb`.`booking` (`booking_id`, `guest_id`, `adult_no`, `child_no`, `cost_per_pax`, `total_cost`, `visit_date`, `booking_date`, `booking_expirydate`, `meal_type`, `message`, `special_req`, `completed`) VALUES (, '', , , , , '', '', '', '', '', , );
INSERT INTO `mydb`.`booking` (`booking_id`, `guest_id`, `adult_no`, `child_no`, `cost_per_pax`, `total_cost`, `visit_date`, `booking_date`, `booking_expirydate`, `meal_type`, `message`, `special_req`, `completed`) VALUES (, '', , , , , '', '', '', '', '', , );
INSERT INTO `mydb`.`booking` (`booking_id`, `guest_id`, `adult_no`, `child_no`, `cost_per_pax`, `total_cost`, `visit_date`, `booking_date`, `booking_expirydate`, `meal_type`, `message`, `special_req`, `completed`) VALUES (, '', , , , , '', '', '', '', '', , );
INSERT INTO `mydb`.`booking` (`booking_id`, `guest_id`, `adult_no`, `child_no`, `cost_per_pax`, `total_cost`, `visit_date`, `booking_date`, `booking_expirydate`, `meal_type`, `message`, `special_req`, `completed`) VALUES (, '', , , , , '', '', '', '', '', , );
INSERT INTO `mydb`.`booking` (`booking_id`, `guest_id`, `adult_no`, `child_no`, `cost_per_pax`, `total_cost`, `visit_date`, `booking_date`, `booking_expirydate`, `meal_type`, `message`, `special_req`, `completed`) VALUES (, '', , , , , '', '', '', '', '', , );
INSERT INTO `mydb`.`booking` (`booking_id`, `guest_id`, `adult_no`, `child_no`, `cost_per_pax`, `total_cost`, `visit_date`, `booking_date`, `booking_expirydate`, `meal_type`, `message`, `special_req`, `completed`) VALUES (, '', , , , , '', '', '', '', '', , );
INSERT INTO `mydb`.`booking` (`booking_id`, `guest_id`, `adult_no`, `child_no`, `cost_per_pax`, `total_cost`, `visit_date`, `booking_date`, `booking_expirydate`, `meal_type`, `message`, `special_req`, `completed`) VALUES (, '', , , , , '', '', '', '', '', , );
INSERT INTO `mydb`.`booking` (`booking_id`, `guest_id`, `adult_no`, `child_no`, `cost_per_pax`, `total_cost`, `visit_date`, `booking_date`, `booking_expirydate`, `meal_type`, `message`, `special_req`, `completed`) VALUES (, '', , , , , '', '', '', '', '', , );

COMMIT;


-- -----------------------------------------------------
-- Data for table `mydb`.`location`
-- -----------------------------------------------------
START TRANSACTION;
USE `mydb`;
INSERT INTO `mydb`.`location` (`location_id`, `district_name`, `region_name`) VALUES ('WDL', 'Woodlands', 'North');
INSERT INTO `mydb`.`location` (`location_id`, `district_name`, `region_name`) VALUES ('MDI', 'Mandai', 'North');
INSERT INTO `mydb`.`location` (`location_id`, `district_name`, `region_name`) VALUES ('YSN', 'Yishun', 'North');
INSERT INTO `mydb`.`location` (`location_id`, `district_name`, `region_name`) VALUES ('SBW', 'Sembawang', 'North');
INSERT INTO `mydb`.`location` (`location_id`, `district_name`, `region_name`) VALUES ('BMR', 'Bukit Merah', 'South');
INSERT INTO `mydb`.`location` (`location_id`, `district_name`, `region_name`) VALUES ('DTN', 'Downtown', 'South');
INSERT INTO `mydb`.`location` (`location_id`, `district_name`, `region_name`) VALUES ('KLG', 'Kallang', 'South');
INSERT INTO `mydb`.`location` (`location_id`, `district_name`, `region_name`) VALUES ('STS', 'Sentosa', 'South');
INSERT INTO `mydb`.`location` (`location_id`, `district_name`, `region_name`) VALUES ('CHG', 'Changi', 'East');
INSERT INTO `mydb`.`location` (`location_id`, `district_name`, `region_name`) VALUES ('BDK', 'Bedok', 'East');
INSERT INTO `mydb`.`location` (`location_id`, `district_name`, `region_name`) VALUES ('TPN', 'Tampines', 'East');
INSERT INTO `mydb`.`location` (`location_id`, `district_name`, `region_name`) VALUES ('PSR', 'Pasir Ris', 'East');
INSERT INTO `mydb`.`location` (`location_id`, `district_name`, `region_name`) VALUES ('JRE', 'Jurong East', 'West');
INSERT INTO `mydb`.`location` (`location_id`, `district_name`, `region_name`) VALUES ('JRW', 'Jurong West', 'West');
INSERT INTO `mydb`.`location` (`location_id`, `district_name`, `region_name`) VALUES ('CMT', 'Clementi', 'West');
INSERT INTO `mydb`.`location` (`location_id`, `district_name`, `region_name`) VALUES ('BBK', 'Bukit Batok', 'West');
INSERT INTO `mydb`.`location` (`location_id`, `district_name`, `region_name`) VALUES ('AMK', 'Ang Mo Kio', 'Central');
INSERT INTO `mydb`.`location` (`location_id`, `district_name`, `region_name`) VALUES ('TPY', 'Toa Payoh', 'Central');
INSERT INTO `mydb`.`location` (`location_id`, `district_name`, `region_name`) VALUES ('NVN', 'Novena', 'Central');
INSERT INTO `mydb`.`location` (`location_id`, `district_name`, `region_name`) VALUES ('BTM', 'Bukit Timah', 'Central');

COMMIT;


-- -----------------------------------------------------
-- Data for table `mydb`.`booking_has_location`
-- -----------------------------------------------------
START TRANSACTION;
USE `mydb`;
INSERT INTO `mydb`.`booking_has_location` (`booking_id`, `location_id`, `booking_district`) VALUES (1, 'MDI', 'Mandai');
INSERT INTO `mydb`.`booking_has_location` (`booking_id`, `location_id`, `booking_district`) VALUES (2, 'YSN', 'Yishun');
INSERT INTO `mydb`.`booking_has_location` (`booking_id`, `location_id`, `booking_district`) VALUES (3, 'DTN', 'Downtown');
INSERT INTO `mydb`.`booking_has_location` (`booking_id`, `location_id`, `booking_district`) VALUES (4, 'CHG', 'Changi');
INSERT INTO `mydb`.`booking_has_location` (`booking_id`, `location_id`, `booking_district`) VALUES (5, 'PSR', 'Pasir Ris');
INSERT INTO `mydb`.`booking_has_location` (`booking_id`, `location_id`, `booking_district`) VALUES (6, 'CMT', 'Clementi');
INSERT INTO `mydb`.`booking_has_location` (`booking_id`, `location_id`, `booking_district`) VALUES (8, 'TPY', 'Toa Payoh');
INSERT INTO `mydb`.`booking_has_location` (`booking_id`, `location_id`, `booking_district`) VALUES (9, 'WDL', 'Woodlands');
INSERT INTO `mydb`.`booking_has_location` (`booking_id`, `location_id`, `booking_district`) VALUES (10, 'MDI', 'Mandai');
INSERT INTO `mydb`.`booking_has_location` (`booking_id`, `location_id`, `booking_district`) VALUES (11, 'YSN', 'Yishun');
INSERT INTO `mydb`.`booking_has_location` (`booking_id`, `location_id`, `booking_district`) VALUES (12, 'SBW', 'Sembawang');
INSERT INTO `mydb`.`booking_has_location` (`booking_id`, `location_id`, `booking_district`) VALUES (13, 'BMR', 'Bukit Merah');
INSERT INTO `mydb`.`booking_has_location` (`booking_id`, `location_id`, `booking_district`) VALUES (14, 'DTN', 'Downtown');
INSERT INTO `mydb`.`booking_has_location` (`booking_id`, `location_id`, `booking_district`) VALUES (15, 'KLG', 'Kallang');
INSERT INTO `mydb`.`booking_has_location` (`booking_id`, `location_id`, `booking_district`) VALUES (16, 'STS', 'Sentosa');
INSERT INTO `mydb`.`booking_has_location` (`booking_id`, `location_id`, `booking_district`) VALUES (17, 'CHG', 'Changi');
INSERT INTO `mydb`.`booking_has_location` (`booking_id`, `location_id`, `booking_district`) VALUES (18, 'BDK', 'Bedok');
INSERT INTO `mydb`.`booking_has_location` (`booking_id`, `location_id`, `booking_district`) VALUES (19, 'TPN', 'Tampines');
INSERT INTO `mydb`.`booking_has_location` (`booking_id`, `location_id`, `booking_district`) VALUES (20, 'PSR', 'Pasir Ris');
INSERT INTO `mydb`.`booking_has_location` (`booking_id`, `location_id`, `booking_district`) VALUES (21, 'JRE', 'Jurong East');
INSERT INTO `mydb`.`booking_has_location` (`booking_id`, `location_id`, `booking_district`) VALUES (22, 'JRW', 'Jurong West');
INSERT INTO `mydb`.`booking_has_location` (`booking_id`, `location_id`, `booking_district`) VALUES (23, 'CMT', 'Clementi');
INSERT INTO `mydb`.`booking_has_location` (`booking_id`, `location_id`, `booking_district`) VALUES (24, 'BBK', 'Bukit Batok');
INSERT INTO `mydb`.`booking_has_location` (`booking_id`, `location_id`, `booking_district`) VALUES (25, 'AMK', 'Ang Mo Kio');
INSERT INTO `mydb`.`booking_has_location` (`booking_id`, `location_id`, `booking_district`) VALUES (26, 'TPY', 'Toa Payoh');
INSERT INTO `mydb`.`booking_has_location` (`booking_id`, `location_id`, `booking_district`) VALUES (27, 'NVN', 'Novena');
INSERT INTO `mydb`.`booking_has_location` (`booking_id`, `location_id`, `booking_district`) VALUES (28, 'BTM', 'Bukit Timah');
INSERT INTO `mydb`.`booking_has_location` (`booking_id`, `location_id`, `booking_district`) VALUES (29, 'WDL', 'Woodlands');
INSERT INTO `mydb`.`booking_has_location` (`booking_id`, `location_id`, `booking_district`) VALUES (30, 'MDI', 'Mandai');
INSERT INTO `mydb`.`booking_has_location` (`booking_id`, `location_id`, `booking_district`) VALUES (31, 'YSN', 'Yishun');
INSERT INTO `mydb`.`booking_has_location` (`booking_id`, `location_id`, `booking_district`) VALUES (32, 'SBW', 'Sembawang');
INSERT INTO `mydb`.`booking_has_location` (`booking_id`, `location_id`, `booking_district`) VALUES (33, 'BMR', 'Bukit Merah');
INSERT INTO `mydb`.`booking_has_location` (`booking_id`, `location_id`, `booking_district`) VALUES (34, 'DTN', 'Downtown');
INSERT INTO `mydb`.`booking_has_location` (`booking_id`, `location_id`, `booking_district`) VALUES (35, 'KLG', 'Kallang');
INSERT INTO `mydb`.`booking_has_location` (`booking_id`, `location_id`, `booking_district`) VALUES (36, 'STS', 'Sentosa');
INSERT INTO `mydb`.`booking_has_location` (`booking_id`, `location_id`, `booking_district`) VALUES (38, 'CHG', 'Changi');
INSERT INTO `mydb`.`booking_has_location` (`booking_id`, `location_id`, `booking_district`) VALUES (39, 'BDK', 'Bedok');
INSERT INTO `mydb`.`booking_has_location` (`booking_id`, `location_id`, `booking_district`) VALUES (40, 'TPN', 'Tampines');

COMMIT;


-- -----------------------------------------------------
-- Data for table `mydb`.`host`
-- -----------------------------------------------------
START TRANSACTION;
USE `mydb`;
INSERT INTO `mydb`.`host` (`host_id`, `password`, `name`, `mobile_no`, `home_address`, `DOB`, `nationality`, `bank_account_no`, `write_up`, `verification`, `blacklist`) VALUES ('stefanie@myrp.com.sg', 'password1', 'Stefanie', 81234567, 'Woodlands street', '2010-01-01', 'Singapore', 111111111, 'My house is big', 1, 0);
INSERT INTO `mydb`.`host` (`host_id`, `password`, `name`, `mobile_no`, `home_address`, `DOB`, `nationality`, `bank_account_no`, `write_up`, `verification`, `blacklist`) VALUES ('apple@email.com', 'password2', 'Apple', 81234568, 'Bukit Merah Place', '2010-01-02', 'Malaysia', 222222222, 'I have pets', 1, 0);
INSERT INTO `mydb`.`host` (`host_id`, `password`, `name`, `mobile_no`, `home_address`, `DOB`, `nationality`, `bank_account_no`, `write_up`, `verification`, `blacklist`) VALUES ('banana@email.com', 'password3', 'Banana', 81234569, 'Changi Plaza', '2010-01-03', 'China', 333333333, 'I am near to swimming pools and parks', 1, 0);
INSERT INTO `mydb`.`host` (`host_id`, `password`, `name`, `mobile_no`, `home_address`, `DOB`, `nationality`, `bank_account_no`, `write_up`, `verification`, `blacklist`) VALUES ('cherry@email.com', 'password4', 'Cherry', 81234570, 'Jurong East Stadium', '2010-01-04', 'Australia', 444444444, 'I like to have', 1, 0);
INSERT INTO `mydb`.`host` (`host_id`, `password`, `name`, `mobile_no`, `home_address`, `DOB`, `nationality`, `bank_account_no`, `write_up`, `verification`, `blacklist`) VALUES ('durian@email.com', 'password5', 'Durian', 81234571, 'Ang Mo Kio Park', '2010-01-05', 'Japan', 555555555, 'I have double deck beds', 1, 0);
INSERT INTO `mydb`.`host` (`host_id`, `password`, `name`, `mobile_no`, `home_address`, `DOB`, `nationality`, `bank_account_no`, `write_up`, `verification`, `blacklist`) VALUES ('elderberry@email.com', 'password6', 'Elderberry', 81234572, 'Yishun Lane', '2010-01-06', 'Korea', 666666666, 'I like to eat fish ', 1, 0);
INSERT INTO `mydb`.`host` (`host_id`, `password`, `name`, `mobile_no`, `home_address`, `DOB`, `nationality`, `bank_account_no`, `write_up`, `verification`, `blacklist`) VALUES ('fig@email.com', 'password7', 'Fig', 81234573, 'Sentosa Beach', '2010-01-07', 'Thailand', 777777777, 'I charge money for toilet paper', 1, 0);
INSERT INTO `mydb`.`host` (`host_id`, `password`, `name`, `mobile_no`, `home_address`, `DOB`, `nationality`, `bank_account_no`, `write_up`, `verification`, `blacklist`) VALUES ('grape@email.com', 'password8', 'Grape', 81234574, 'Mandai Zoo', '2010-01-08', 'Vietnam', 888888888, 'I am smelly ', 1, 1);
INSERT INTO `mydb`.`host` (`host_id`, `password`, `name`, `mobile_no`, `home_address`, `DOB`, `nationality`, `bank_account_no`, `write_up`, `verification`, `blacklist`) VALUES ('honeydew@email.com', 'password9', 'Honeydew', 81234575, 'Bukit Timah Village', '2010-01-09', 'South Africa', 999999999, 'I love you long time', 0, 0);

COMMIT;


-- -----------------------------------------------------
-- Data for table `mydb`.`feedback`
-- -----------------------------------------------------
START TRANSACTION;
USE `mydb`;
INSERT INTO `mydb`.`feedback` (`feedback_id`, `booking_id`, `host_id`, `guest_id`, `host_rating`, `host_feedback`, `host_public`, `host_timestamp`, `guest_rating`, `guest_feedback`, `guest_public`, `guest_timestamp`) VALUES (1, 1, 'stefanie@myrp.com.sg', 'ally@email.com', 5.0, 'nice ', 1, '2019-09-11 00:00:01', 5.0, 'I like it', '1', '2019-11-20 00:00:01');
INSERT INTO `mydb`.`feedback` (`feedback_id`, `booking_id`, `host_id`, `guest_id`, `host_rating`, `host_feedback`, `host_public`, `host_timestamp`, `guest_rating`, `guest_feedback`, `guest_public`, `guest_timestamp`) VALUES (2, 2, 'stefanie@myrp.com.sg', 'bear@email.com', 4.0, 'cool', 1, '2019-09-12 00:00:01', 3.0, 'dirty', '1', '2019-11-21 00:00:01');
INSERT INTO `mydb`.`feedback` (`feedback_id`, `booking_id`, `host_id`, `guest_id`, `host_rating`, `host_feedback`, `host_public`, `host_timestamp`, `guest_rating`, `guest_feedback`, `guest_public`, `guest_timestamp`) VALUES (3, 3, 'stefanie@myrp.com.sg', 'cat@email.com', 5.0, 'good stay', 0, '2019-09-13 00:00:01', 2.0, 'wierdos', '0', '2019-11-22 00:00:01');
INSERT INTO `mydb`.`feedback` (`feedback_id`, `booking_id`, `host_id`, `guest_id`, `host_rating`, `host_feedback`, `host_public`, `host_timestamp`, `guest_rating`, `guest_feedback`, `guest_public`, `guest_timestamp`) VALUES (4, 4, 'apple@email.com', 'dog@email.com', 4.0, 'I like her', 1, '2019-10-14 00:00:00', 2.0, 'fun person', '1', '2019-10-15 00:00:00');
INSERT INTO `mydb`.`feedback` (`feedback_id`, `booking_id`, `host_id`, `guest_id`, `host_rating`, `host_feedback`, `host_public`, `host_timestamp`, `guest_rating`, `guest_feedback`, `guest_public`, `guest_timestamp`) VALUES (5, 5, 'durian@email.com', 'flamingo@email.com', 5.0, 'this is a good room', 1, '2019-10-15 00:00:00', 3.0, 'good vibe', '1', '2019-10-16 00:00:00');
INSERT INTO `mydb`.`feedback` (`feedback_id`, `booking_id`, `host_id`, `guest_id`, `host_rating`, `host_feedback`, `host_public`, `host_timestamp`, `guest_rating`, `guest_feedback`, `guest_public`, `guest_timestamp`) VALUES (6, 6, 'durian@email.com', 'giraffe@email.com', 3.0, 'nice conversation', 1, '2019-10-26 00:00:00', 5.0, 'cool room', '0', '2019-10-27 00:00:00');
INSERT INTO `mydb`.`feedback` (`feedback_id`, `booking_id`, `host_id`, `guest_id`, `host_rating`, `host_feedback`, `host_public`, `host_timestamp`, `guest_rating`, `guest_feedback`, `guest_public`, `guest_timestamp`) VALUES (7, 8, 'apple@email.com', 'ally@email.com', 1.0, 'nice ', 1, '2019-10-27 00:00:00', 5.0, 'funny guy', '1', '2019-10-28 00:00:00');
INSERT INTO `mydb`.`feedback` (`feedback_id`, `booking_id`, `host_id`, `guest_id`, `host_rating`, `host_feedback`, `host_public`, `host_timestamp`, `guest_rating`, `guest_feedback`, `guest_public`, `guest_timestamp`) VALUES (8, 9, 'stefanie@myrp.com.sg', 'ally@email.com', 5.0, 'cool', 1, '2019-10-28 00:00:00', 5.0, 'sweet man', '1', '2019-10-29 00:00:00');
INSERT INTO `mydb`.`feedback` (`feedback_id`, `booking_id`, `host_id`, `guest_id`, `host_rating`, `host_feedback`, `host_public`, `host_timestamp`, `guest_rating`, `guest_feedback`, `guest_public`, `guest_timestamp`) VALUES (9, 10, 'apple@email.com', 'bear@email.com', 5.0, 'good stay', 1, '2019-10-29 00:00:00', 5.0, 'nice tea', '1', '2019-10-30 00:00:00');
INSERT INTO `mydb`.`feedback` (`feedback_id`, `booking_id`, `host_id`, `guest_id`, `host_rating`, `host_feedback`, `host_public`, `host_timestamp`, `guest_rating`, `guest_feedback`, `guest_public`, `guest_timestamp`) VALUES (10, 11, 'banana@email.com', 'cat@email.com', 4.0, 'I like her', 0, '2019-10-30 00:00:00', 3.0, 'I like it', '1', '2019-10-31 00:00:00');
INSERT INTO `mydb`.`feedback` (`feedback_id`, `booking_id`, `host_id`, `guest_id`, `host_rating`, `host_feedback`, `host_public`, `host_timestamp`, `guest_rating`, `guest_feedback`, `guest_public`, `guest_timestamp`) VALUES (11, 12, 'cherry@email.com', 'dog@email.com', 5.0, 'this is a good room', 1, '2019-10-31 00:00:00', 2.0, 'dirty', '1', '2019-11-01 00:00:00');
INSERT INTO `mydb`.`feedback` (`feedback_id`, `booking_id`, `host_id`, `guest_id`, `host_rating`, `host_feedback`, `host_public`, `host_timestamp`, `guest_rating`, `guest_feedback`, `guest_public`, `guest_timestamp`) VALUES (12, 13, 'durian@email.com', 'flamingo@email.com', 4.0, 'nice conversation', 1, '2019-11-01 00:00:00', 2.0, 'wierdos', '1', '2019-11-02 00:00:00');
INSERT INTO `mydb`.`feedback` (`feedback_id`, `booking_id`, `host_id`, `guest_id`, `host_rating`, `host_feedback`, `host_public`, `host_timestamp`, `guest_rating`, `guest_feedback`, `guest_public`, `guest_timestamp`) VALUES (13, 14, 'elderberry@email.com', 'giraffe@email.com', 5.0, 'nice ', 1, '2019-11-02 00:00:00', 3.0, 'fun person', '1', '2019-11-03 00:00:00');
INSERT INTO `mydb`.`feedback` (`feedback_id`, `booking_id`, `host_id`, `guest_id`, `host_rating`, `host_feedback`, `host_public`, `host_timestamp`, `guest_rating`, `guest_feedback`, `guest_public`, `guest_timestamp`) VALUES (14, 15, 'fig@email.com', 'horse@email.com', 4.0, 'cool', 1, '2019-11-03 00:00:00', 5.0, 'good vibe', '0', '2019-11-04 00:00:00');
INSERT INTO `mydb`.`feedback` (`feedback_id`, `booking_id`, `host_id`, `guest_id`, `host_rating`, `host_feedback`, `host_public`, `host_timestamp`, `guest_rating`, `guest_feedback`, `guest_public`, `guest_timestamp`) VALUES (15, 16, 'stefanie@myrp.com.sg', 'ally@email.com', 5.0, 'good stay', 1, '2019-11-04 00:00:00', 5.0, 'cool room', '1', '2019-11-05 00:00:00');
INSERT INTO `mydb`.`feedback` (`feedback_id`, `booking_id`, `host_id`, `guest_id`, `host_rating`, `host_feedback`, `host_public`, `host_timestamp`, `guest_rating`, `guest_feedback`, `guest_public`, `guest_timestamp`) VALUES (16, 17, 'apple@email.com', 'bear@email.com', 3.0, 'I like her', 1, '2019-11-05 00:00:00', 5.0, 'funny guy', '1', '2019-11-06 00:00:00');
INSERT INTO `mydb`.`feedback` (`feedback_id`, `booking_id`, `host_id`, `guest_id`, `host_rating`, `host_feedback`, `host_public`, `host_timestamp`, `guest_rating`, `guest_feedback`, `guest_public`, `guest_timestamp`) VALUES (17, 18, 'banana@email.com', 'cat@email.com', 1.0, 'this is a good room', 0, '2019-11-06 00:00:00', 5.0, 'sweet man', '0', '2019-11-07 00:00:00');
INSERT INTO `mydb`.`feedback` (`feedback_id`, `booking_id`, `host_id`, `guest_id`, `host_rating`, `host_feedback`, `host_public`, `host_timestamp`, `guest_rating`, `guest_feedback`, `guest_public`, `guest_timestamp`) VALUES (18, 19, 'cherry@email.com', 'dog@email.com', 5.0, 'nice conversation', 1, '2019-11-07 00:00:00', 3.0, 'nice tea', '1', '2019-11-08 00:00:00');
INSERT INTO `mydb`.`feedback` (`feedback_id`, `booking_id`, `host_id`, `guest_id`, `host_rating`, `host_feedback`, `host_public`, `host_timestamp`, `guest_rating`, `guest_feedback`, `guest_public`, `guest_timestamp`) VALUES (19, 20, 'durian@email.com', 'flamingo@email.com', 5.0, 'nice ', 1, '2019-11-08 00:00:00', 2.0, 'I like it', '1', '2019-11-09 00:00:00');
INSERT INTO `mydb`.`feedback` (`feedback_id`, `booking_id`, `host_id`, `guest_id`, `host_rating`, `host_feedback`, `host_public`, `host_timestamp`, `guest_rating`, `guest_feedback`, `guest_public`, `guest_timestamp`) VALUES (20, 21, 'elderberry@email.com', 'giraffe@email.com', 4.0, 'cool', 1, '2019-11-09 00:00:00', 2.0, 'dirty', '1', '2019-11-10 00:00:00');
INSERT INTO `mydb`.`feedback` (`feedback_id`, `booking_id`, `host_id`, `guest_id`, `host_rating`, `host_feedback`, `host_public`, `host_timestamp`, `guest_rating`, `guest_feedback`, `guest_public`, `guest_timestamp`) VALUES (21, 22, 'fig@email.com', 'horse@email.com', 5.0, 'good stay', 1, '2019-11-10 00:00:00', 3.0, 'wierdos', '1', '2019-11-11 00:00:00');
INSERT INTO `mydb`.`feedback` (`feedback_id`, `booking_id`, `host_id`, `guest_id`, `host_rating`, `host_feedback`, `host_public`, `host_timestamp`, `guest_rating`, `guest_feedback`, `guest_public`, `guest_timestamp`) VALUES (22, 23, 'stefanie@myrp.com.sg', 'cat@email.com', 4.0, 'I like her', 1, '2019-11-11 00:00:00', 5.0, 'fun person', '1', '2019-11-12 00:00:00');
INSERT INTO `mydb`.`feedback` (`feedback_id`, `booking_id`, `host_id`, `guest_id`, `host_rating`, `host_feedback`, `host_public`, `host_timestamp`, `guest_rating`, `guest_feedback`, `guest_public`, `guest_timestamp`) VALUES (23, 24, 'apple@email.com', 'dog@email.com', 5.0, 'this is a good room', 1, '2019-11-12 00:00:00', 5.0, 'good vibe', '1', '2019-11-13 00:00:00');
INSERT INTO `mydb`.`feedback` (`feedback_id`, `booking_id`, `host_id`, `guest_id`, `host_rating`, `host_feedback`, `host_public`, `host_timestamp`, `guest_rating`, `guest_feedback`, `guest_public`, `guest_timestamp`) VALUES (24, 25, 'banana@email.com', 'flamingo@email.com', 4.0, 'nice conversation', 0, '2019-11-13 00:00:00', 5.0, 'cool room', '1', '2019-11-14 00:00:00');
INSERT INTO `mydb`.`feedback` (`feedback_id`, `booking_id`, `host_id`, `guest_id`, `host_rating`, `host_feedback`, `host_public`, `host_timestamp`, `guest_rating`, `guest_feedback`, `guest_public`, `guest_timestamp`) VALUES (25, 26, 'cherry@email.com', 'giraffe@email.com', 5.0, 'nice ', 1, '2019-11-14 00:00:00', 5.0, 'funny guy', '0', '2019-11-15 00:00:00');
INSERT INTO `mydb`.`feedback` (`feedback_id`, `booking_id`, `host_id`, `guest_id`, `host_rating`, `host_feedback`, `host_public`, `host_timestamp`, `guest_rating`, `guest_feedback`, `guest_public`, `guest_timestamp`) VALUES (26, 27, 'durian@email.com', 'horse@email.com', 3.0, 'cool', 1, '2019-11-15 00:00:00', 3.0, 'sweet man', '1', '2019-11-16 00:00:00');

COMMIT;


-- -----------------------------------------------------
-- Data for table `mydb`.`language`
-- -----------------------------------------------------
START TRANSACTION;
USE `mydb`;
INSERT INTO `mydb`.`language` (`language_id`, `language_name`) VALUES ('ENG', 'English');
INSERT INTO `mydb`.`language` (`language_id`, `language_name`) VALUES ('CHI', 'Chinese');
INSERT INTO `mydb`.`language` (`language_id`, `language_name`) VALUES ('MAL', 'Malay');
INSERT INTO `mydb`.`language` (`language_id`, `language_name`) VALUES ('TAM', 'Tamil');

COMMIT;


-- -----------------------------------------------------
-- Data for table `mydb`.`guest_has_language`
-- -----------------------------------------------------
START TRANSACTION;
USE `mydb`;
INSERT INTO `mydb`.`guest_has_language` (`guestlang_id`, `guest_id`, `language_id`, `proficiency`) VALUES ('1', 'ally@email.com', 'ENG', 'basic ');
INSERT INTO `mydb`.`guest_has_language` (`guestlang_id`, `guest_id`, `language_id`, `proficiency`) VALUES ('2', 'ally@email.com', 'MAL', 'intermediate');
INSERT INTO `mydb`.`guest_has_language` (`guestlang_id`, `guest_id`, `language_id`, `proficiency`) VALUES ('3', 'ally@email.com', 'CHI', 'advanced');
INSERT INTO `mydb`.`guest_has_language` (`guestlang_id`, `guest_id`, `language_id`, `proficiency`) VALUES ('4', 'bear@email.com', 'TAM', 'basic ');
INSERT INTO `mydb`.`guest_has_language` (`guestlang_id`, `guest_id`, `language_id`, `proficiency`) VALUES ('5', 'cat@email.com', 'ENG', 'intermediate');
INSERT INTO `mydb`.`guest_has_language` (`guestlang_id`, `guest_id`, `language_id`, `proficiency`) VALUES ('6', 'dog@email.com', 'MAL', 'advanced');
INSERT INTO `mydb`.`guest_has_language` (`guestlang_id`, `guest_id`, `language_id`, `proficiency`) VALUES ('7', 'dog@email.com', 'CHI', 'basic ');
INSERT INTO `mydb`.`guest_has_language` (`guestlang_id`, `guest_id`, `language_id`, `proficiency`) VALUES ('8', 'flamingo@email.com', 'TAM', 'intermediate');
INSERT INTO `mydb`.`guest_has_language` (`guestlang_id`, `guest_id`, `language_id`, `proficiency`) VALUES ('9', 'giraffe@email.com', 'ENG', 'advanced');
INSERT INTO `mydb`.`guest_has_language` (`guestlang_id`, `guest_id`, `language_id`, `proficiency`) VALUES ('10', 'giraffe@email.com', 'MAL', 'basic ');
INSERT INTO `mydb`.`guest_has_language` (`guestlang_id`, `guest_id`, `language_id`, `proficiency`) VALUES ('11', 'horse@email.com', 'ENG', 'intermediate');
INSERT INTO `mydb`.`guest_has_language` (`guestlang_id`, `guest_id`, `language_id`, `proficiency`) VALUES ('12', 'ibis@email.com', 'ENG', 'basic ');

COMMIT;


-- -----------------------------------------------------
-- Data for table `mydb`.`host_has_guests`
-- -----------------------------------------------------
START TRANSACTION;
USE `mydb`;
INSERT INTO `mydb`.`host_has_guests` (`message_id`, `host_id`, `guest_id`, `booking_id`, `message`) VALUES ('1', 'stefanie@myrp.com.sg', 'ally@email.com', 1, 'Nice to meet you');
INSERT INTO `mydb`.`host_has_guests` (`message_id`, `host_id`, `guest_id`, `booking_id`, `message`) VALUES ('2', 'stefanie@myrp.com.sg', 'bear@email.com', 2, 'pick me up please');
INSERT INTO `mydb`.`host_has_guests` (`message_id`, `host_id`, `guest_id`, `booking_id`, `message`) VALUES ('3', 'stefanie@myrp.com.sg', 'bear@email.com', 2, 'okay I will');
INSERT INTO `mydb`.`host_has_guests` (`message_id`, `host_id`, `guest_id`, `booking_id`, `message`) VALUES ('4', 'stefanie@myrp.com.sg', 'bear@email.com', 2, 'meet u at 9pm');
INSERT INTO `mydb`.`host_has_guests` (`message_id`, `host_id`, `guest_id`, `booking_id`, `message`) VALUES ('5', 'stefanie@myrp.com.sg', 'cat@email.com', 3, 'see u at the airport');
INSERT INTO `mydb`.`host_has_guests` (`message_id`, `host_id`, `guest_id`, `booking_id`, `message`) VALUES ('6', 'stefanie@myrp.com.sg', 'cat@email.com', 3, 'I will cook for you');

COMMIT;


-- -----------------------------------------------------
-- Data for table `mydb`.`host_has_language`
-- -----------------------------------------------------
START TRANSACTION;
USE `mydb`;
INSERT INTO `mydb`.`host_has_language` (`hostlang_id`, `host_id`, `language_id`, `proficiency`) VALUES (1, 'stefanie@myrp.com.sg', 'ENG', 'basic ');
INSERT INTO `mydb`.`host_has_language` (`hostlang_id`, `host_id`, `language_id`, `proficiency`) VALUES (2, 'apple@email.com', 'ENG', 'intermediate');
INSERT INTO `mydb`.`host_has_language` (`hostlang_id`, `host_id`, `language_id`, `proficiency`) VALUES (3, 'apple@email.com', 'MAL', 'advanced');
INSERT INTO `mydb`.`host_has_language` (`hostlang_id`, `host_id`, `language_id`, `proficiency`) VALUES (4, 'banana@email.com', 'TAM', 'basic ');
INSERT INTO `mydb`.`host_has_language` (`hostlang_id`, `host_id`, `language_id`, `proficiency`) VALUES (5, 'cherry@email.com', 'ENG', 'intermediate');
INSERT INTO `mydb`.`host_has_language` (`hostlang_id`, `host_id`, `language_id`, `proficiency`) VALUES (6, 'cherry@email.com', 'ENG', 'advanced');
INSERT INTO `mydb`.`host_has_language` (`hostlang_id`, `host_id`, `language_id`, `proficiency`) VALUES (7, 'durian@email.com', 'CHI', 'basic ');
INSERT INTO `mydb`.`host_has_language` (`hostlang_id`, `host_id`, `language_id`, `proficiency`) VALUES (8, 'elderberry@email.com', 'CHI', 'intermediate');
INSERT INTO `mydb`.`host_has_language` (`hostlang_id`, `host_id`, `language_id`, `proficiency`) VALUES (9, 'fig@email.com', 'CHI', 'advanced');
INSERT INTO `mydb`.`host_has_language` (`hostlang_id`, `host_id`, `language_id`, `proficiency`) VALUES (10, 'fig@email.com', 'TAM', 'basic ');
INSERT INTO `mydb`.`host_has_language` (`hostlang_id`, `host_id`, `language_id`, `proficiency`) VALUES (11, 'fig@email.com', 'ENG', 'intermediate');
INSERT INTO `mydb`.`host_has_language` (`hostlang_id`, `host_id`, `language_id`, `proficiency`) VALUES (12, 'grape@email.com', 'MAL', 'intermediate');
INSERT INTO `mydb`.`host_has_language` (`hostlang_id`, `host_id`, `language_id`, `proficiency`) VALUES (13, 'honeydew@email.com', 'MAL', 'intermediate');

COMMIT;


-- -----------------------------------------------------
-- Data for table `mydb`.`host_has_location`
-- -----------------------------------------------------
START TRANSACTION;
USE `mydb`;
INSERT INTO `mydb`.`host_has_location` (`host_id`, `location_id`, `host_district`) VALUES ('stefanie@myrp.com.sg', 'WDL', 'Woodlands');
INSERT INTO `mydb`.`host_has_location` (`host_id`, `location_id`, `host_district`) VALUES ('apple@email.com', 'BMR', 'Bukit Merah');
INSERT INTO `mydb`.`host_has_location` (`host_id`, `location_id`, `host_district`) VALUES ('banana@email.com', 'CHG', 'Changi');
INSERT INTO `mydb`.`host_has_location` (`host_id`, `location_id`, `host_district`) VALUES ('cherry@email.com', 'JRE', 'Jurong East');
INSERT INTO `mydb`.`host_has_location` (`host_id`, `location_id`, `host_district`) VALUES ('durian@email.com', 'AMK', 'Ang Mo Kio');
INSERT INTO `mydb`.`host_has_location` (`host_id`, `location_id`, `host_district`) VALUES ('elderberry@email.com', 'YSN', 'Yishun');
INSERT INTO `mydb`.`host_has_location` (`host_id`, `location_id`, `host_district`) VALUES ('fig@email.com', 'STS', 'Sentosa');
INSERT INTO `mydb`.`host_has_location` (`host_id`, `location_id`, `host_district`) VALUES ('grape@email.com', 'MDI', 'Mandai');

COMMIT;


-- -----------------------------------------------------
-- Data for table `mydb`.`hostguest_has_booking`
-- -----------------------------------------------------
START TRANSACTION;
USE `mydb`;
INSERT INTO `mydb`.`hostguest_has_booking` (`offer_id`, `host_id`, `booking_id`, `offer_message`, `offer_startdate`, `offer_expirydate`) VALUES (1, 'stefanie@myrp.com.sg', 1, 'ally@email.com', '2019-09-01', '2019-09-04');
INSERT INTO `mydb`.`hostguest_has_booking` (`offer_id`, `host_id`, `booking_id`, `offer_message`, `offer_startdate`, `offer_expirydate`) VALUES (2, 'stefanie@myrp.com.sg', 2, 'bear@email.com', '2019-09-02', '2019-09-05');
INSERT INTO `mydb`.`hostguest_has_booking` (`offer_id`, `host_id`, `booking_id`, `offer_message`, `offer_startdate`, `offer_expirydate`) VALUES (3, 'stefanie@myrp.com.sg', 3, 'cat@email.com', '2019-09-03', '2019-09-06');
INSERT INTO `mydb`.`hostguest_has_booking` (`offer_id`, `host_id`, `booking_id`, `offer_message`, `offer_startdate`, `offer_expirydate`) VALUES (4, 'apple@email.com', 4, 'dog@email.com', '2019-09-04', '2019-09-07');
INSERT INTO `mydb`.`hostguest_has_booking` (`offer_id`, `host_id`, `booking_id`, `offer_message`, `offer_startdate`, `offer_expirydate`) VALUES (5, 'banana@email.com', 4, 'dog@email.com', '2019-09-04', '2019-09-07');
INSERT INTO `mydb`.`hostguest_has_booking` (`offer_id`, `host_id`, `booking_id`, `offer_message`, `offer_startdate`, `offer_expirydate`) VALUES (6, 'cherry@email.com', 4, 'dog@email.com', '2019-09-06', '2019-09-09');
INSERT INTO `mydb`.`hostguest_has_booking` (`offer_id`, `host_id`, `booking_id`, `offer_message`, `offer_startdate`, `offer_expirydate`) VALUES (7, 'durian@email.com', 5, 'flamingo@email.com', '2019-09-07', '2019-09-10');
INSERT INTO `mydb`.`hostguest_has_booking` (`offer_id`, `host_id`, `booking_id`, `offer_message`, `offer_startdate`, `offer_expirydate`) VALUES (8, 'durian@email.com', 6, 'giraffe@email.com', '2019-09-08', '2019-09-11');
INSERT INTO `mydb`.`hostguest_has_booking` (`offer_id`, `host_id`, `booking_id`, `offer_message`, `offer_startdate`, `offer_expirydate`) VALUES (9, 'apple@email.com', 7, 'horse@email.com', '2019-09-09', '2019-09-12');
INSERT INTO `mydb`.`hostguest_has_booking` (`offer_id`, `host_id`, `booking_id`, `offer_message`, `offer_startdate`, `offer_expirydate`) VALUES (10, 'apple@email.com', 8, 'ally@email.com', '2019-09-10', '2019-09-13');
INSERT INTO `mydb`.`hostguest_has_booking` (`offer_id`, `host_id`, `booking_id`, `offer_message`, `offer_startdate`, `offer_expirydate`) VALUES (11, 'stefanie@myrp.com.sg', 9, 'ally@email.com', '2019-09-28', '2019-10-01');
INSERT INTO `mydb`.`hostguest_has_booking` (`offer_id`, `host_id`, `booking_id`, `offer_message`, `offer_startdate`, `offer_expirydate`) VALUES (12, 'apple@email.com', 10, 'bear@email.com', '2019-09-29', '2019-10-02');
INSERT INTO `mydb`.`hostguest_has_booking` (`offer_id`, `host_id`, `booking_id`, `offer_message`, `offer_startdate`, `offer_expirydate`) VALUES (13, 'banana@email.com', 11, 'cat@email.com', '2019-09-30', '2019-10-03');
INSERT INTO `mydb`.`hostguest_has_booking` (`offer_id`, `host_id`, `booking_id`, `offer_message`, `offer_startdate`, `offer_expirydate`) VALUES (14, 'apple@email.com', 11, 'cat@email.com', '2019-09-30', '2019-10-03');
INSERT INTO `mydb`.`hostguest_has_booking` (`offer_id`, `host_id`, `booking_id`, `offer_message`, `offer_startdate`, `offer_expirydate`) VALUES (15, 'cherry@email.com', 12, 'dog@email.com', '2019-10-01', '2019-10-04');
INSERT INTO `mydb`.`hostguest_has_booking` (`offer_id`, `host_id`, `booking_id`, `offer_message`, `offer_startdate`, `offer_expirydate`) VALUES (16, 'durian@email.com', 13, 'flamingo@email.com', '2019-10-02', '2019-10-05');
INSERT INTO `mydb`.`hostguest_has_booking` (`offer_id`, `host_id`, `booking_id`, `offer_message`, `offer_startdate`, `offer_expirydate`) VALUES (17, 'elderberry@email.com', 14, 'giraffe@email.com', '2019-10-03', '2019-10-06');
INSERT INTO `mydb`.`hostguest_has_booking` (`offer_id`, `host_id`, `booking_id`, `offer_message`, `offer_startdate`, `offer_expirydate`) VALUES (18, 'fig@email.com', 15, 'horse@email.com', '2019-10-04', '2019-10-07');
INSERT INTO `mydb`.`hostguest_has_booking` (`offer_id`, `host_id`, `booking_id`, `offer_message`, `offer_startdate`, `offer_expirydate`) VALUES (19, 'stefanie@myrp.com.sg', 16, 'ally@email.com', '2019-10-05', '2019-10-08');
INSERT INTO `mydb`.`hostguest_has_booking` (`offer_id`, `host_id`, `booking_id`, `offer_message`, `offer_startdate`, `offer_expirydate`) VALUES (20, 'apple@email.com', 17, 'bear@email.com', '2019-10-06', '2019-10-09');
INSERT INTO `mydb`.`hostguest_has_booking` (`offer_id`, `host_id`, `booking_id`, `offer_message`, `offer_startdate`, `offer_expirydate`) VALUES (21, 'banana@email.com', 18, 'cat@email.com', '2019-10-07', '2019-10-10');
INSERT INTO `mydb`.`hostguest_has_booking` (`offer_id`, `host_id`, `booking_id`, `offer_message`, `offer_startdate`, `offer_expirydate`) VALUES (22, 'cherry@email.com', 19, 'dog@email.com', '2019-10-08', '2019-10-11');
INSERT INTO `mydb`.`hostguest_has_booking` (`offer_id`, `host_id`, `booking_id`, `offer_message`, `offer_startdate`, `offer_expirydate`) VALUES (23, 'apple@email.com', 19, 'dog@email.com', '2019-10-08', '2019-10-11');
INSERT INTO `mydb`.`hostguest_has_booking` (`offer_id`, `host_id`, `booking_id`, `offer_message`, `offer_startdate`, `offer_expirydate`) VALUES (24, 'banana@email.com', 19, 'dog@email.com', '2019-10-08', '2019-10-11');
INSERT INTO `mydb`.`hostguest_has_booking` (`offer_id`, `host_id`, `booking_id`, `offer_message`, `offer_startdate`, `offer_expirydate`) VALUES (25, 'durian@email.com', 20, 'flamingo@email.com', '2019-10-09', '2019-10-12');
INSERT INTO `mydb`.`hostguest_has_booking` (`offer_id`, `host_id`, `booking_id`, `offer_message`, `offer_startdate`, `offer_expirydate`) VALUES (26, 'elderberry@email.com', 21, 'giraffe@email.com', '2019-10-10', '2019-10-13');
INSERT INTO `mydb`.`hostguest_has_booking` (`offer_id`, `host_id`, `booking_id`, `offer_message`, `offer_startdate`, `offer_expirydate`) VALUES (27, 'fig@email.com', 22, 'horse@email.com', '2019-10-11', '2019-10-14');
INSERT INTO `mydb`.`hostguest_has_booking` (`offer_id`, `host_id`, `booking_id`, `offer_message`, `offer_startdate`, `offer_expirydate`) VALUES (28, 'stefanie@myrp.com.sg', 23, 'cat@email.com', '2019-10-12', '2019-10-15');
INSERT INTO `mydb`.`hostguest_has_booking` (`offer_id`, `host_id`, `booking_id`, `offer_message`, `offer_startdate`, `offer_expirydate`) VALUES (29, 'apple@email.com', 24, 'dog@email.com', '2019-10-13', '2019-10-16');
INSERT INTO `mydb`.`hostguest_has_booking` (`offer_id`, `host_id`, `booking_id`, `offer_message`, `offer_startdate`, `offer_expirydate`) VALUES (30, 'banana@email.com', 25, 'flamingo@email.com', '2019-10-14', '2019-10-17');
INSERT INTO `mydb`.`hostguest_has_booking` (`offer_id`, `host_id`, `booking_id`, `offer_message`, `offer_startdate`, `offer_expirydate`) VALUES (31, 'cherry@email.com', 26, 'giraffe@email.com', '2019-10-15', '2019-10-18');
INSERT INTO `mydb`.`hostguest_has_booking` (`offer_id`, `host_id`, `booking_id`, `offer_message`, `offer_startdate`, `offer_expirydate`) VALUES (32, 'durian@email.com', 27, 'horse@email.com', '2019-10-16', '2019-10-19');
INSERT INTO `mydb`.`hostguest_has_booking` (`offer_id`, `host_id`, `booking_id`, `offer_message`, `offer_startdate`, `offer_expirydate`) VALUES (33, 'elderberry@email.com', 28, 'ally@email.com', '2019-10-17', '2019-10-20');
INSERT INTO `mydb`.`hostguest_has_booking` (`offer_id`, `host_id`, `booking_id`, `offer_message`, `offer_startdate`, `offer_expirydate`) VALUES (34, 'fig@email.com', 29, 'bear@email.com', '2019-10-18', '2019-10-21');
INSERT INTO `mydb`.`hostguest_has_booking` (`offer_id`, `host_id`, `booking_id`, `offer_message`, `offer_startdate`, `offer_expirydate`) VALUES (35, 'elderberry@email.com', 29, 'bear@email.com', '2019-10-18', '2019-10-21');
INSERT INTO `mydb`.`hostguest_has_booking` (`offer_id`, `host_id`, `booking_id`, `offer_message`, `offer_startdate`, `offer_expirydate`) VALUES (36, 'stefanie@myrp.com.sg', 30, 'cat@email.com', '2019-10-19', '2019-10-22');
INSERT INTO `mydb`.`hostguest_has_booking` (`offer_id`, `host_id`, `booking_id`, `offer_message`, `offer_startdate`, `offer_expirydate`) VALUES (37, 'apple@email.com', 31, 'dog@email.com', '2019-10-20', '2019-10-23');
INSERT INTO `mydb`.`hostguest_has_booking` (`offer_id`, `host_id`, `booking_id`, `offer_message`, `offer_startdate`, `offer_expirydate`) VALUES (38, 'elderberry@email.com', 31, 'dog@email.com', '2019-10-20', '2019-10-23');
INSERT INTO `mydb`.`hostguest_has_booking` (`offer_id`, `host_id`, `booking_id`, `offer_message`, `offer_startdate`, `offer_expirydate`) VALUES (39, 'banana@email.com', 32, 'flamingo@email.com', '2019-10-21', '2019-10-24');
INSERT INTO `mydb`.`hostguest_has_booking` (`offer_id`, `host_id`, `booking_id`, `offer_message`, `offer_startdate`, `offer_expirydate`) VALUES (40, 'cherry@email.com', 33, 'giraffe@email.com', '2019-10-22', '2019-10-25');
INSERT INTO `mydb`.`hostguest_has_booking` (`offer_id`, `host_id`, `booking_id`, `offer_message`, `offer_startdate`, `offer_expirydate`) VALUES (41, 'elderberry@email.com', 33, 'giraffe@email.com', '2019-10-22', '2019-10-25');
INSERT INTO `mydb`.`hostguest_has_booking` (`offer_id`, `host_id`, `booking_id`, `offer_message`, `offer_startdate`, `offer_expirydate`) VALUES (42, 'durian@email.com', 34, 'horse@email.com', '2019-10-23', '2019-10-26');
INSERT INTO `mydb`.`hostguest_has_booking` (`offer_id`, `host_id`, `booking_id`, `offer_message`, `offer_startdate`, `offer_expirydate`) VALUES (43, 'elderberry@email.com', 35, 'cat@email.com', '2019-10-24', '2019-10-27');
INSERT INTO `mydb`.`hostguest_has_booking` (`offer_id`, `host_id`, `booking_id`, `offer_message`, `offer_startdate`, `offer_expirydate`) VALUES (44, 'fig@email.com', 36, 'dog@email.com', '2019-10-25', '2019-10-28');
INSERT INTO `mydb`.`hostguest_has_booking` (`offer_id`, `host_id`, `booking_id`, `offer_message`, `offer_startdate`, `offer_expirydate`) VALUES (45, 'stefanie@myrp.com.sg', 37, 'flamingo@email.com', '2019-10-26', '2019-10-29');
INSERT INTO `mydb`.`hostguest_has_booking` (`offer_id`, `host_id`, `booking_id`, `offer_message`, `offer_startdate`, `offer_expirydate`) VALUES (46, 'apple@email.com', 38, 'giraffe@email.com', '2019-10-27', '2019-10-30');
INSERT INTO `mydb`.`hostguest_has_booking` (`offer_id`, `host_id`, `booking_id`, `offer_message`, `offer_startdate`, `offer_expirydate`) VALUES (47, 'banana@email.com', 39, 'horse@email.com', '2019-10-28', '2019-10-31');
INSERT INTO `mydb`.`hostguest_has_booking` (`offer_id`, `host_id`, `booking_id`, `offer_message`, `offer_startdate`, `offer_expirydate`) VALUES (48, 'cherry@email.com', 40, 'ally@email.com', '2019-10-29', '2019-11-01');

COMMIT;


-- -----------------------------------------------------
-- Data for table `mydb`.`transaction`
-- -----------------------------------------------------
START TRANSACTION;
USE `mydb`;
INSERT INTO `mydb`.`transaction` (`transaction_id`, `transaction_type`, `amount`) VALUES ('REGI', 'Registration fees', 40);
INSERT INTO `mydb`.`transaction` (`transaction_id`, `transaction_type`, `amount`) VALUES ('MEAL', 'Meal fees', 100);
INSERT INTO `mydb`.`transaction` (`transaction_id`, `transaction_type`, `amount`) VALUES ('REVE', 'Booking revenue', NULL);
INSERT INTO `mydb`.`transaction` (`transaction_id`, `transaction_type`, `amount`) VALUES ('COMM', 'Commission fees -10%', NULL);
INSERT INTO `mydb`.`transaction` (`transaction_id`, `transaction_type`, `amount`) VALUES ('CANC', 'Cancellation chage - 50%', NULL);
INSERT INTO `mydb`.`transaction` (`transaction_id`, `transaction_type`, `amount`) VALUES ('FEES', 'Booking Fees', NULL);
INSERT INTO `mydb`.`transaction` (`transaction_id`, `transaction_type`, `amount`) VALUES ('REFU', 'Refunds', NULL);

COMMIT;


-- -----------------------------------------------------
-- Data for table `mydb`.`hostguest_has_transaction`
-- -----------------------------------------------------
START TRANSACTION;
USE `mydb`;
INSERT INTO `mydb`.`hostguest_has_transaction` (`payment_id`, `transaction_id`, `host_id`, `booking_id`, `guest_id`, `transaction_desc`, `transaction_amount`, `date`) VALUES (1, 'REGI', 'stefanie@myrp.com.sg', NULL, NULL, 'Registration Fees', '-40.00', '2019-09-10');
INSERT INTO `mydb`.`hostguest_has_transaction` (`payment_id`, `transaction_id`, `host_id`, `booking_id`, `guest_id`, `transaction_desc`, `transaction_amount`, `date`) VALUES (2, 'REGI', 'apple@email.com', NULL, NULL, 'Registration Fees', '-40.00', '2019-09-11');
INSERT INTO `mydb`.`hostguest_has_transaction` (`payment_id`, `transaction_id`, `host_id`, `booking_id`, `guest_id`, `transaction_desc`, `transaction_amount`, `date`) VALUES (3, 'REGI', 'banana@email.com', NULL, NULL, 'Registration Fees', '-40.00', '2019-09-12');
INSERT INTO `mydb`.`hostguest_has_transaction` (`payment_id`, `transaction_id`, `host_id`, `booking_id`, `guest_id`, `transaction_desc`, `transaction_amount`, `date`) VALUES (4, 'REGI', 'cherry@email.com', NULL, NULL, 'Registration Fees', '-40.00', '2019-09-13');
INSERT INTO `mydb`.`hostguest_has_transaction` (`payment_id`, `transaction_id`, `host_id`, `booking_id`, `guest_id`, `transaction_desc`, `transaction_amount`, `date`) VALUES (5, 'REGI', 'durian@email.com', NULL, NULL, 'Registration Fees', '-40.00', '2019-09-14');
INSERT INTO `mydb`.`hostguest_has_transaction` (`payment_id`, `transaction_id`, `host_id`, `booking_id`, `guest_id`, `transaction_desc`, `transaction_amount`, `date`) VALUES (6, 'REGI', 'elderberry@email.com', NULL, NULL, 'Registration Fees', '-40.00', '2019-09-15');
INSERT INTO `mydb`.`hostguest_has_transaction` (`payment_id`, `transaction_id`, `host_id`, `booking_id`, `guest_id`, `transaction_desc`, `transaction_amount`, `date`) VALUES (7, 'REGI', 'fig@email.com', NULL, NULL, 'Registration Fees', '-40.00', '2019-09-16');
INSERT INTO `mydb`.`hostguest_has_transaction` (`payment_id`, `transaction_id`, `host_id`, `booking_id`, `guest_id`, `transaction_desc`, `transaction_amount`, `date`) VALUES (8, 'FEES', NULL, 1, 'ally@email.com', 'Booking Fees', '-150.00', '2019-09-05');
INSERT INTO `mydb`.`hostguest_has_transaction` (`payment_id`, `transaction_id`, `host_id`, `booking_id`, `guest_id`, `transaction_desc`, `transaction_amount`, `date`) VALUES (9, 'FEES', NULL, 2, 'bear@email.com', 'Booking Fees', '-240.00', '2019-09-06');
INSERT INTO `mydb`.`hostguest_has_transaction` (`payment_id`, `transaction_id`, `host_id`, `booking_id`, `guest_id`, `transaction_desc`, `transaction_amount`, `date`) VALUES (10, 'FEES', NULL, 3, 'cat@email.com', 'Booking Fees', '-480.00', '2019-09-07');
INSERT INTO `mydb`.`hostguest_has_transaction` (`payment_id`, `transaction_id`, `host_id`, `booking_id`, `guest_id`, `transaction_desc`, `transaction_amount`, `date`) VALUES (11, 'FEES', NULL, 4, 'dog@email.com', 'Booking Fees', '-960.00', '2019-09-08');
INSERT INTO `mydb`.`hostguest_has_transaction` (`payment_id`, `transaction_id`, `host_id`, `booking_id`, `guest_id`, `transaction_desc`, `transaction_amount`, `date`) VALUES (12, 'FEES', NULL, 5, 'flamingo@email.com', 'Booking Fees', '-120.00', '2019-09-11');
INSERT INTO `mydb`.`hostguest_has_transaction` (`payment_id`, `transaction_id`, `host_id`, `booking_id`, `guest_id`, `transaction_desc`, `transaction_amount`, `date`) VALUES (13, 'FEES', NULL, 6, 'giraffe@email.com', 'Booking Fees', '-1400.00', '2019-09-12');
INSERT INTO `mydb`.`hostguest_has_transaction` (`payment_id`, `transaction_id`, `host_id`, `booking_id`, `guest_id`, `transaction_desc`, `transaction_amount`, `date`) VALUES (14, 'FEES', NULL, 8, 'ally@email.com', 'Booking Fees', '-1100.00', '2019-09-14');
INSERT INTO `mydb`.`hostguest_has_transaction` (`payment_id`, `transaction_id`, `host_id`, `booking_id`, `guest_id`, `transaction_desc`, `transaction_amount`, `date`) VALUES (15, 'FEES', NULL, 9, 'ally@email.com', 'Booking Fees', '-150.00', '2019-10-02');
INSERT INTO `mydb`.`hostguest_has_transaction` (`payment_id`, `transaction_id`, `host_id`, `booking_id`, `guest_id`, `transaction_desc`, `transaction_amount`, `date`) VALUES (16, 'FEES', NULL, 10, 'bear@email.com', 'Booking Fees', '-360.00', '2019-10-03');
INSERT INTO `mydb`.`hostguest_has_transaction` (`payment_id`, `transaction_id`, `host_id`, `booking_id`, `guest_id`, `transaction_desc`, `transaction_amount`, `date`) VALUES (17, 'FEES', NULL, 11, 'cat@email.com', 'Booking Fees', '-630.00', '2019-10-04');
INSERT INTO `mydb`.`hostguest_has_transaction` (`payment_id`, `transaction_id`, `host_id`, `booking_id`, `guest_id`, `transaction_desc`, `transaction_amount`, `date`) VALUES (18, 'FEES', NULL, 12, 'dog@email.com', 'Booking Fees', '-960.00', '2019-10-05');
INSERT INTO `mydb`.`hostguest_has_transaction` (`payment_id`, `transaction_id`, `host_id`, `booking_id`, `guest_id`, `transaction_desc`, `transaction_amount`, `date`) VALUES (19, 'FEES', NULL, 13, 'flamingo@email.com', 'Booking Fees', '-1350.00', '2019-10-06');
INSERT INTO `mydb`.`hostguest_has_transaction` (`payment_id`, `transaction_id`, `host_id`, `booking_id`, `guest_id`, `transaction_desc`, `transaction_amount`, `date`) VALUES (20, 'FEES', NULL, 14, 'giraffe@email.com', 'Booking Fees', '-1800.00', '2019-10-07');
INSERT INTO `mydb`.`hostguest_has_transaction` (`payment_id`, `transaction_id`, `host_id`, `booking_id`, `guest_id`, `transaction_desc`, `transaction_amount`, `date`) VALUES (21, 'FEES', NULL, 15, 'horse@email.com', 'Booking Fees', '-2310.00', '2019-10-08');
INSERT INTO `mydb`.`hostguest_has_transaction` (`payment_id`, `transaction_id`, `host_id`, `booking_id`, `guest_id`, `transaction_desc`, `transaction_amount`, `date`) VALUES (22, 'FEES', NULL, 16, 'ally@email.com', 'Booking Fees', '-2880.00', '2019-10-09');
INSERT INTO `mydb`.`hostguest_has_transaction` (`payment_id`, `transaction_id`, `host_id`, `booking_id`, `guest_id`, `transaction_desc`, `transaction_amount`, `date`) VALUES (23, 'FEES', NULL, 17, 'bear@email.com', 'Booking Fees', '-500.00', '2019-10-10');
INSERT INTO `mydb`.`hostguest_has_transaction` (`payment_id`, `transaction_id`, `host_id`, `booking_id`, `guest_id`, `transaction_desc`, `transaction_amount`, `date`) VALUES (24, 'FEES', NULL, 18, 'cat@email.com', 'Booking Fees', '-780.00', '2019-10-11');
INSERT INTO `mydb`.`hostguest_has_transaction` (`payment_id`, `transaction_id`, `host_id`, `booking_id`, `guest_id`, `transaction_desc`, `transaction_amount`, `date`) VALUES (25, 'FEES', NULL, 19, 'dog@email.com', 'Booking Fees', '-1120.00', '2019-10-12');
INSERT INTO `mydb`.`hostguest_has_transaction` (`payment_id`, `transaction_id`, `host_id`, `booking_id`, `guest_id`, `transaction_desc`, `transaction_amount`, `date`) VALUES (26, 'FEES', NULL, 20, 'flamingo@email.com', 'Booking Fees', '-1520.00', '2019-10-13');
INSERT INTO `mydb`.`hostguest_has_transaction` (`payment_id`, `transaction_id`, `host_id`, `booking_id`, `guest_id`, `transaction_desc`, `transaction_amount`, `date`) VALUES (27, 'FEES', NULL, 21, 'giraffe@email.com', 'Booking Fees', '-1980.00', '2019-10-14');
INSERT INTO `mydb`.`hostguest_has_transaction` (`payment_id`, `transaction_id`, `host_id`, `booking_id`, `guest_id`, `transaction_desc`, `transaction_amount`, `date`) VALUES (28, 'FEES', NULL, 22, 'horse@email.com', 'Booking Fees', '-2500.00', '2019-10-15');
INSERT INTO `mydb`.`hostguest_has_transaction` (`payment_id`, `transaction_id`, `host_id`, `booking_id`, `guest_id`, `transaction_desc`, `transaction_amount`, `date`) VALUES (29, 'FEES', NULL, 23, 'cat@email.com', 'Booking Fees', '-200.00', '2019-10-16');
INSERT INTO `mydb`.`hostguest_has_transaction` (`payment_id`, `transaction_id`, `host_id`, `booking_id`, `guest_id`, `transaction_desc`, `transaction_amount`, `date`) VALUES (30, 'FEES', NULL, 24, 'dog@email.com', 'Booking Fees', '-240.00', '2019-10-17');
INSERT INTO `mydb`.`hostguest_has_transaction` (`payment_id`, `transaction_id`, `host_id`, `booking_id`, `guest_id`, `transaction_desc`, `transaction_amount`, `date`) VALUES (31, 'FEES', NULL, 25, 'flamingo@email.com', 'Booking Fees', '-420.00', '2019-10-18');
INSERT INTO `mydb`.`hostguest_has_transaction` (`payment_id`, `transaction_id`, `host_id`, `booking_id`, `guest_id`, `transaction_desc`, `transaction_amount`, `date`) VALUES (32, 'FEES', NULL, 26, 'giraffe@email.com', 'Booking Fees', '-560.00', '2019-10-19');
INSERT INTO `mydb`.`hostguest_has_transaction` (`payment_id`, `transaction_id`, `host_id`, `booking_id`, `guest_id`, `transaction_desc`, `transaction_amount`, `date`) VALUES (33, 'FEES', NULL, 27, 'horse@email.com', 'Booking Fees', '-810.00', '2019-10-20');
INSERT INTO `mydb`.`hostguest_has_transaction` (`payment_id`, `transaction_id`, `host_id`, `booking_id`, `guest_id`, `transaction_desc`, `transaction_amount`, `date`) VALUES (34, 'FEES', NULL, 28, 'ally@email.com', 'Booking Fees', '-1200.00', '2019-10-21');
INSERT INTO `mydb`.`hostguest_has_transaction` (`payment_id`, `transaction_id`, `host_id`, `booking_id`, `guest_id`, `transaction_desc`, `transaction_amount`, `date`) VALUES (35, 'FEES', NULL, 29, 'bear@email.com', 'Booking Fees', '-900.00', '2019-10-22');
INSERT INTO `mydb`.`hostguest_has_transaction` (`payment_id`, `transaction_id`, `host_id`, `booking_id`, `guest_id`, `transaction_desc`, `transaction_amount`, `date`) VALUES (36, 'FEES', NULL, 30, 'cat@email.com', 'Booking Fees', '-900.00', '2019-10-23');
INSERT INTO `mydb`.`hostguest_has_transaction` (`payment_id`, `transaction_id`, `host_id`, `booking_id`, `guest_id`, `transaction_desc`, `transaction_amount`, `date`) VALUES (37, 'FEES', NULL, 31, 'dog@email.com', 'Booking Fees', '-1210.00', '2019-10-24');
INSERT INTO `mydb`.`hostguest_has_transaction` (`payment_id`, `transaction_id`, `host_id`, `booking_id`, `guest_id`, `transaction_desc`, `transaction_amount`, `date`) VALUES (38, 'FEES', NULL, 32, 'flamingo@email.com', 'Booking Fees', '-1560.00', '2019-10-24');
INSERT INTO `mydb`.`hostguest_has_transaction` (`payment_id`, `transaction_id`, `host_id`, `booking_id`, `guest_id`, `transaction_desc`, `transaction_amount`, `date`) VALUES (39, 'FEES', NULL, 33, 'giraffe@email.com', 'Booking Fees', '-800.00', '2019-10-25');
INSERT INTO `mydb`.`hostguest_has_transaction` (`payment_id`, `transaction_id`, `host_id`, `booking_id`, `guest_id`, `transaction_desc`, `transaction_amount`, `date`) VALUES (40, 'FEES', NULL, 34, 'horse@email.com', 'Booking Fees', '-1140.00', '2019-10-26');
INSERT INTO `mydb`.`hostguest_has_transaction` (`payment_id`, `transaction_id`, `host_id`, `booking_id`, `guest_id`, `transaction_desc`, `transaction_amount`, `date`) VALUES (41, 'FEES', NULL, 35, 'cat@email.com', 'Booking Fees', '-1540.00', '2019-10-27');
INSERT INTO `mydb`.`hostguest_has_transaction` (`payment_id`, `transaction_id`, `host_id`, `booking_id`, `guest_id`, `transaction_desc`, `transaction_amount`, `date`) VALUES (42, 'FEES', NULL, 36, 'dog@email.com', 'Booking Fees', '-2250.00', '2019-10-28');
INSERT INTO `mydb`.`hostguest_has_transaction` (`payment_id`, `transaction_id`, `host_id`, `booking_id`, `guest_id`, `transaction_desc`, `transaction_amount`, `date`) VALUES (43, 'FEES', NULL, 38, 'giraffe@email.com', 'Booking Fees', '-2800.00', '2019-10-29');
INSERT INTO `mydb`.`hostguest_has_transaction` (`payment_id`, `transaction_id`, `host_id`, `booking_id`, `guest_id`, `transaction_desc`, `transaction_amount`, `date`) VALUES (44, 'FEES', NULL, 39, 'horse@email.com', 'Booking Fees', '-3410.00', '2019-10-31');
INSERT INTO `mydb`.`hostguest_has_transaction` (`payment_id`, `transaction_id`, `host_id`, `booking_id`, `guest_id`, `transaction_desc`, `transaction_amount`, `date`) VALUES (45, 'FEES', NULL, 40, 'ally@email.com', 'Booking Fees', '-4080.00', '2019-11-01');
INSERT INTO `mydb`.`hostguest_has_transaction` (`payment_id`, `transaction_id`, `host_id`, `booking_id`, `guest_id`, `transaction_desc`, `transaction_amount`, `date`) VALUES (46, 'REVE', 'stefanie@myrp.com.sg', 1, NULL, 'Stay with ally', '159.00', '2019-09-05');
INSERT INTO `mydb`.`hostguest_has_transaction` (`payment_id`, `transaction_id`, `host_id`, `booking_id`, `guest_id`, `transaction_desc`, `transaction_amount`, `date`) VALUES (47, 'REVE', 'stefanie@myrp.com.sg', 2, NULL, 'Stay with bear', '248.00', '2019-09-06');
INSERT INTO `mydb`.`hostguest_has_transaction` (`payment_id`, `transaction_id`, `host_id`, `booking_id`, `guest_id`, `transaction_desc`, `transaction_amount`, `date`) VALUES (48, 'REVE', 'stefanie@myrp.com.sg', 3, NULL, 'Stay with cat', '498.00', '2019-09-07');
INSERT INTO `mydb`.`hostguest_has_transaction` (`payment_id`, `transaction_id`, `host_id`, `booking_id`, `guest_id`, `transaction_desc`, `transaction_amount`, `date`) VALUES (49, 'REVE', 'apple@email.com', 4, NULL, 'Stay with dog', '1008.00', '2019-09-08');
INSERT INTO `mydb`.`hostguest_has_transaction` (`payment_id`, `transaction_id`, `host_id`, `booking_id`, `guest_id`, `transaction_desc`, `transaction_amount`, `date`) VALUES (50, 'REVE', 'durian@email.com', 5, NULL, 'Stay with flamingo', '130.00', '2019-09-11');
INSERT INTO `mydb`.`hostguest_has_transaction` (`payment_id`, `transaction_id`, `host_id`, `booking_id`, `guest_id`, `transaction_desc`, `transaction_amount`, `date`) VALUES (51, 'REVE', 'durian@email.com', 6, NULL, 'Stay with giraffe', '1498.00', '2019-09-12');
INSERT INTO `mydb`.`hostguest_has_transaction` (`payment_id`, `transaction_id`, `host_id`, `booking_id`, `guest_id`, `transaction_desc`, `transaction_amount`, `date`) VALUES (52, 'REVE', 'apple@email.com', 8, NULL, 'Stay with ally', '1133.00', '2019-09-14');
INSERT INTO `mydb`.`hostguest_has_transaction` (`payment_id`, `transaction_id`, `host_id`, `booking_id`, `guest_id`, `transaction_desc`, `transaction_amount`, `date`) VALUES (53, 'REVE', 'stefanie@myrp.com.sg', 9, NULL, 'Stay with ally', '162.00', '2019-10-02');
INSERT INTO `mydb`.`hostguest_has_transaction` (`payment_id`, `transaction_id`, `host_id`, `booking_id`, `guest_id`, `transaction_desc`, `transaction_amount`, `date`) VALUES (54, 'REVE', 'apple@email.com', 10, NULL, 'Stay with bear', '390.00', '2019-10-03');
INSERT INTO `mydb`.`hostguest_has_transaction` (`payment_id`, `transaction_id`, `host_id`, `booking_id`, `guest_id`, `transaction_desc`, `transaction_amount`, `date`) VALUES (55, 'REVE', 'banana@email.com', 11, NULL, 'Stay with cat', '684.00', '2019-10-04');
INSERT INTO `mydb`.`hostguest_has_transaction` (`payment_id`, `transaction_id`, `host_id`, `booking_id`, `guest_id`, `transaction_desc`, `transaction_amount`, `date`) VALUES (56, 'REVE', 'cherry@email.com', 12, NULL, 'Stay with dog', '1032.00', '2019-10-05');
INSERT INTO `mydb`.`hostguest_has_transaction` (`payment_id`, `transaction_id`, `host_id`, `booking_id`, `guest_id`, `transaction_desc`, `transaction_amount`, `date`) VALUES (57, 'REVE', 'durian@email.com', 13, NULL, 'Stay with flamingo', '1455.00', '2019-10-06');
INSERT INTO `mydb`.`hostguest_has_transaction` (`payment_id`, `transaction_id`, `host_id`, `booking_id`, `guest_id`, `transaction_desc`, `transaction_amount`, `date`) VALUES (58, 'REVE', 'elderberry@email.com', 14, NULL, 'Stay with giraffe', '1872.00', '2019-10-07');
INSERT INTO `mydb`.`hostguest_has_transaction` (`payment_id`, `transaction_id`, `host_id`, `booking_id`, `guest_id`, `transaction_desc`, `transaction_amount`, `date`) VALUES (59, 'REVE', 'fig@email.com', 15, NULL, 'Stay with horse', '2373.00', '2019-10-08');
INSERT INTO `mydb`.`hostguest_has_transaction` (`payment_id`, `transaction_id`, `host_id`, `booking_id`, `guest_id`, `transaction_desc`, `transaction_amount`, `date`) VALUES (60, 'REVE', 'stefanie@myrp.com.sg', 16, NULL, 'Stay with ally', '2928.00', '2019-10-09');
INSERT INTO `mydb`.`hostguest_has_transaction` (`payment_id`, `transaction_id`, `host_id`, `booking_id`, `guest_id`, `transaction_desc`, `transaction_amount`, `date`) VALUES (61, 'REVE', 'apple@email.com', 17, NULL, 'Stay with bear', '580.00', '2019-10-10');
INSERT INTO `mydb`.`hostguest_has_transaction` (`payment_id`, `transaction_id`, `host_id`, `booking_id`, `guest_id`, `transaction_desc`, `transaction_amount`, `date`) VALUES (62, 'REVE', 'banana@email.com', 18, NULL, 'Stay with cat', '806.00', '2019-10-11');
INSERT INTO `mydb`.`hostguest_has_transaction` (`payment_id`, `transaction_id`, `host_id`, `booking_id`, `guest_id`, `transaction_desc`, `transaction_amount`, `date`) VALUES (63, 'REVE', 'cherry@email.com', 19, NULL, 'Stay with dog', '1152.00', '2019-10-12');
INSERT INTO `mydb`.`hostguest_has_transaction` (`payment_id`, `transaction_id`, `host_id`, `booking_id`, `guest_id`, `transaction_desc`, `transaction_amount`, `date`) VALUES (64, 'REVE', 'durian@email.com', 20, NULL, 'Stay with flamingo', '1558.00', '2019-10-13');
INSERT INTO `mydb`.`hostguest_has_transaction` (`payment_id`, `transaction_id`, `host_id`, `booking_id`, `guest_id`, `transaction_desc`, `transaction_amount`, `date`) VALUES (65, 'REVE', 'elderberry@email.com', 21, NULL, 'Stay with giraffe', '2046.00', '2019-10-14');
INSERT INTO `mydb`.`hostguest_has_transaction` (`payment_id`, `transaction_id`, `host_id`, `booking_id`, `guest_id`, `transaction_desc`, `transaction_amount`, `date`) VALUES (66, 'REVE', 'fig@email.com', 22, NULL, 'Stay with horse', '2600.00', '2019-10-15');
INSERT INTO `mydb`.`hostguest_has_transaction` (`payment_id`, `transaction_id`, `host_id`, `booking_id`, `guest_id`, `transaction_desc`, `transaction_amount`, `date`) VALUES (67, 'REVE', 'stefanie@myrp.com.sg', 23, NULL, 'Stay with cat', '220.00', '2019-10-16');
INSERT INTO `mydb`.`hostguest_has_transaction` (`payment_id`, `transaction_id`, `host_id`, `booking_id`, `guest_id`, `transaction_desc`, `transaction_amount`, `date`) VALUES (68, 'REVE', 'apple@email.com', 24, NULL, 'Stay with dog', '264.00', '2019-10-17');
INSERT INTO `mydb`.`hostguest_has_transaction` (`payment_id`, `transaction_id`, `host_id`, `booking_id`, `guest_id`, `transaction_desc`, `transaction_amount`, `date`) VALUES (69, 'REVE', 'banana@email.com', 25, NULL, 'Stay with flamingo', '462.00', '2019-10-18');
INSERT INTO `mydb`.`hostguest_has_transaction` (`payment_id`, `transaction_id`, `host_id`, `booking_id`, `guest_id`, `transaction_desc`, `transaction_amount`, `date`) VALUES (70, 'REVE', 'cherry@email.com', 26, NULL, 'Stay with giraffe', '567.00', '2019-10-19');
INSERT INTO `mydb`.`hostguest_has_transaction` (`payment_id`, `transaction_id`, `host_id`, `booking_id`, `guest_id`, `transaction_desc`, `transaction_amount`, `date`) VALUES (71, 'REVE', 'durian@email.com', 27, NULL, 'Stay with horse', '828.00', '2019-10-20');
INSERT INTO `mydb`.`hostguest_has_transaction` (`payment_id`, `transaction_id`, `host_id`, `booking_id`, `guest_id`, `transaction_desc`, `transaction_amount`, `date`) VALUES (84, 'COMM', 'stefanie@myrp.com.sg', 1, NULL, 'Commission for stay ally', '-15.90', '2019-09-05');
INSERT INTO `mydb`.`hostguest_has_transaction` (`payment_id`, `transaction_id`, `host_id`, `booking_id`, `guest_id`, `transaction_desc`, `transaction_amount`, `date`) VALUES (85, 'COMM', 'stefanie@myrp.com.sg', 2, NULL, 'Commission for stay bear', '-24.80', '2019-09-06');
INSERT INTO `mydb`.`hostguest_has_transaction` (`payment_id`, `transaction_id`, `host_id`, `booking_id`, `guest_id`, `transaction_desc`, `transaction_amount`, `date`) VALUES (86, 'COMM', 'stefanie@myrp.com.sg', 3, NULL, 'Commission for stay cat', '-49.80', '2019-09-07');
INSERT INTO `mydb`.`hostguest_has_transaction` (`payment_id`, `transaction_id`, `host_id`, `booking_id`, `guest_id`, `transaction_desc`, `transaction_amount`, `date`) VALUES (87, 'COMM', 'apple@email.com', 4, NULL, 'Commission for stay dog', '-100.80', '2019-09-08');
INSERT INTO `mydb`.`hostguest_has_transaction` (`payment_id`, `transaction_id`, `host_id`, `booking_id`, `guest_id`, `transaction_desc`, `transaction_amount`, `date`) VALUES (88, 'COMM', 'durian@email.com', 5, NULL, 'Commission for stay flamingo', '-13.00', '2019-09-11');
INSERT INTO `mydb`.`hostguest_has_transaction` (`payment_id`, `transaction_id`, `host_id`, `booking_id`, `guest_id`, `transaction_desc`, `transaction_amount`, `date`) VALUES (89, 'COMM', 'durian@email.com', 6, NULL, 'Commission for stay giraffe', '-149.80', '2019-09-12');
INSERT INTO `mydb`.`hostguest_has_transaction` (`payment_id`, `transaction_id`, `host_id`, `booking_id`, `guest_id`, `transaction_desc`, `transaction_amount`, `date`) VALUES (90, 'COMM', 'apple@email.com', 8, NULL, 'Commission for stay ally', '-113.30', '2019-09-14');
INSERT INTO `mydb`.`hostguest_has_transaction` (`payment_id`, `transaction_id`, `host_id`, `booking_id`, `guest_id`, `transaction_desc`, `transaction_amount`, `date`) VALUES (91, 'COMM', 'stefanie@myrp.com.sg', 9, NULL, 'Commission for stay ally', '-16.20', '2019-10-02');
INSERT INTO `mydb`.`hostguest_has_transaction` (`payment_id`, `transaction_id`, `host_id`, `booking_id`, `guest_id`, `transaction_desc`, `transaction_amount`, `date`) VALUES (92, 'COMM', 'apple@email.com', 10, NULL, 'Commission for stay bear', '-39.00', '2019-10-03');
INSERT INTO `mydb`.`hostguest_has_transaction` (`payment_id`, `transaction_id`, `host_id`, `booking_id`, `guest_id`, `transaction_desc`, `transaction_amount`, `date`) VALUES (93, 'COMM', 'banana@email.com', 11, NULL, 'Commission for stay cat', '-68.40', '2019-10-04');
INSERT INTO `mydb`.`hostguest_has_transaction` (`payment_id`, `transaction_id`, `host_id`, `booking_id`, `guest_id`, `transaction_desc`, `transaction_amount`, `date`) VALUES (94, 'COMM', 'cherry@email.com', 12, NULL, 'Commission for stay dog', '-103.20', '2019-10-05');
INSERT INTO `mydb`.`hostguest_has_transaction` (`payment_id`, `transaction_id`, `host_id`, `booking_id`, `guest_id`, `transaction_desc`, `transaction_amount`, `date`) VALUES (95, 'COMM', 'durian@email.com', 13, NULL, 'Commission for stay flamingo', '-145.50', '2019-10-06');
INSERT INTO `mydb`.`hostguest_has_transaction` (`payment_id`, `transaction_id`, `host_id`, `booking_id`, `guest_id`, `transaction_desc`, `transaction_amount`, `date`) VALUES (96, 'COMM', 'elderberry@email.com', 14, NULL, 'Commission for stay giraffe', '-187.20', '2019-10-07');
INSERT INTO `mydb`.`hostguest_has_transaction` (`payment_id`, `transaction_id`, `host_id`, `booking_id`, `guest_id`, `transaction_desc`, `transaction_amount`, `date`) VALUES (97, 'COMM', 'fig@email.com', 15, NULL, 'Commission for stay horse', '-237.30', '2019-10-08');
INSERT INTO `mydb`.`hostguest_has_transaction` (`payment_id`, `transaction_id`, `host_id`, `booking_id`, `guest_id`, `transaction_desc`, `transaction_amount`, `date`) VALUES (98, 'COMM', 'stefanie@myrp.com.sg', 16, NULL, 'Commission for stay ally', '-292.80', '2019-10-09');
INSERT INTO `mydb`.`hostguest_has_transaction` (`payment_id`, `transaction_id`, `host_id`, `booking_id`, `guest_id`, `transaction_desc`, `transaction_amount`, `date`) VALUES (99, 'COMM', 'apple@email.com', 17, NULL, 'Commission for stay bear', '-58.00', '2019-10-10');
INSERT INTO `mydb`.`hostguest_has_transaction` (`payment_id`, `transaction_id`, `host_id`, `booking_id`, `guest_id`, `transaction_desc`, `transaction_amount`, `date`) VALUES (100, 'COMM', 'banana@email.com', 18, NULL, 'Commission for stay cat', '-80.60', '2019-10-11');
INSERT INTO `mydb`.`hostguest_has_transaction` (`payment_id`, `transaction_id`, `host_id`, `booking_id`, `guest_id`, `transaction_desc`, `transaction_amount`, `date`) VALUES (101, 'COMM', 'cherry@email.com', 19, NULL, 'Commission for stay dog', '-115.20', '2019-10-12');
INSERT INTO `mydb`.`hostguest_has_transaction` (`payment_id`, `transaction_id`, `host_id`, `booking_id`, `guest_id`, `transaction_desc`, `transaction_amount`, `date`) VALUES (102, 'COMM', 'durian@email.com', 20, NULL, 'Commission for stay flamingo', '-155.80', '2019-10-13');
INSERT INTO `mydb`.`hostguest_has_transaction` (`payment_id`, `transaction_id`, `host_id`, `booking_id`, `guest_id`, `transaction_desc`, `transaction_amount`, `date`) VALUES (103, 'COMM', 'elderberry@email.com', 21, NULL, 'Commission for stay giraffe', '-204.60', '2019-10-14');
INSERT INTO `mydb`.`hostguest_has_transaction` (`payment_id`, `transaction_id`, `host_id`, `booking_id`, `guest_id`, `transaction_desc`, `transaction_amount`, `date`) VALUES (104, 'COMM', 'fig@email.com', 22, NULL, 'Commission for stay horse', '-260.00', '2019-10-15');
INSERT INTO `mydb`.`hostguest_has_transaction` (`payment_id`, `transaction_id`, `host_id`, `booking_id`, `guest_id`, `transaction_desc`, `transaction_amount`, `date`) VALUES (105, 'COMM', 'stefanie@myrp.com.sg', 23, NULL, 'Commission for stay cat', '-22.00', '2019-10-16');
INSERT INTO `mydb`.`hostguest_has_transaction` (`payment_id`, `transaction_id`, `host_id`, `booking_id`, `guest_id`, `transaction_desc`, `transaction_amount`, `date`) VALUES (106, 'COMM', 'apple@email.com', 24, NULL, 'Commission for stay dog', '-26.40', '2019-10-17');
INSERT INTO `mydb`.`hostguest_has_transaction` (`payment_id`, `transaction_id`, `host_id`, `booking_id`, `guest_id`, `transaction_desc`, `transaction_amount`, `date`) VALUES (107, 'COMM', 'banana@email.com', 25, NULL, 'Commission for stay flamingo', '-46.20', '2019-10-18');
INSERT INTO `mydb`.`hostguest_has_transaction` (`payment_id`, `transaction_id`, `host_id`, `booking_id`, `guest_id`, `transaction_desc`, `transaction_amount`, `date`) VALUES (108, 'COMM', 'cherry@email.com', 26, NULL, 'Commission for stay giraffe', '-56.70', '2019-10-19');
INSERT INTO `mydb`.`hostguest_has_transaction` (`payment_id`, `transaction_id`, `host_id`, `booking_id`, `guest_id`, `transaction_desc`, `transaction_amount`, `date`) VALUES (109, 'COMM', 'durian@email.com', 27, NULL, 'Commission for stay horse', '-82.80', '2019-10-20');
INSERT INTO `mydb`.`hostguest_has_transaction` (`payment_id`, `transaction_id`, `host_id`, `booking_id`, `guest_id`, `transaction_desc`, `transaction_amount`, `date`) VALUES (110, 'MEAL', NULL, 1, 'ally@email.com', 'Meal costs', '-100.00', '2019-09-05');
INSERT INTO `mydb`.`hostguest_has_transaction` (`payment_id`, `transaction_id`, `host_id`, `booking_id`, `guest_id`, `transaction_desc`, `transaction_amount`, `date`) VALUES (111, 'MEAL', NULL, 2, 'bear@email.com', 'Meal costs', '-100.00', '2019-09-06');
INSERT INTO `mydb`.`hostguest_has_transaction` (`payment_id`, `transaction_id`, `host_id`, `booking_id`, `guest_id`, `transaction_desc`, `transaction_amount`, `date`) VALUES (112, 'MEAL', NULL, 3, 'cat@email.com', 'Meal costs', '-100.00', '2019-09-07');
INSERT INTO `mydb`.`hostguest_has_transaction` (`payment_id`, `transaction_id`, `host_id`, `booking_id`, `guest_id`, `transaction_desc`, `transaction_amount`, `date`) VALUES (113, 'MEAL', NULL, 4, 'dog@email.com', 'Meal costs', '-100.00', '2019-09-08');
INSERT INTO `mydb`.`hostguest_has_transaction` (`payment_id`, `transaction_id`, `host_id`, `booking_id`, `guest_id`, `transaction_desc`, `transaction_amount`, `date`) VALUES (114, 'MEAL', NULL, 5, 'flamingo@email.com', 'Meal costs', '-100.00', '2019-09-11');
INSERT INTO `mydb`.`hostguest_has_transaction` (`payment_id`, `transaction_id`, `host_id`, `booking_id`, `guest_id`, `transaction_desc`, `transaction_amount`, `date`) VALUES (115, 'MEAL', NULL, 6, 'giraffe@email.com', 'Meal costs', '-100.00', '2019-09-12');
INSERT INTO `mydb`.`hostguest_has_transaction` (`payment_id`, `transaction_id`, `host_id`, `booking_id`, `guest_id`, `transaction_desc`, `transaction_amount`, `date`) VALUES (116, 'MEAL', NULL, 8, 'ally@email.com', 'Meal costs', '-100.00', '2019-09-14');
INSERT INTO `mydb`.`hostguest_has_transaction` (`payment_id`, `transaction_id`, `host_id`, `booking_id`, `guest_id`, `transaction_desc`, `transaction_amount`, `date`) VALUES (117, 'MEAL', NULL, 9, 'ally@email.com', 'Meal costs', '-100.00', '2019-10-02');
INSERT INTO `mydb`.`hostguest_has_transaction` (`payment_id`, `transaction_id`, `host_id`, `booking_id`, `guest_id`, `transaction_desc`, `transaction_amount`, `date`) VALUES (118, 'MEAL', NULL, 10, 'bear@email.com', 'Meal costs', '-100.00', '2019-10-03');
INSERT INTO `mydb`.`hostguest_has_transaction` (`payment_id`, `transaction_id`, `host_id`, `booking_id`, `guest_id`, `transaction_desc`, `transaction_amount`, `date`) VALUES (119, 'MEAL', NULL, 11, 'cat@email.com', 'Meal costs', '-100.00', '2019-10-04');
INSERT INTO `mydb`.`hostguest_has_transaction` (`payment_id`, `transaction_id`, `host_id`, `booking_id`, `guest_id`, `transaction_desc`, `transaction_amount`, `date`) VALUES (120, 'MEAL', NULL, 12, 'dog@email.com', 'Meal costs', '-100.00', '2019-10-05');
INSERT INTO `mydb`.`hostguest_has_transaction` (`payment_id`, `transaction_id`, `host_id`, `booking_id`, `guest_id`, `transaction_desc`, `transaction_amount`, `date`) VALUES (121, 'MEAL', NULL, 13, 'flamingo@email.com', 'Meal costs', '-100.00', '2019-10-06');
INSERT INTO `mydb`.`hostguest_has_transaction` (`payment_id`, `transaction_id`, `host_id`, `booking_id`, `guest_id`, `transaction_desc`, `transaction_amount`, `date`) VALUES (122, 'MEAL', NULL, 14, 'giraffe@email.com', 'Meal costs', '-100.00', '2019-10-07');
INSERT INTO `mydb`.`hostguest_has_transaction` (`payment_id`, `transaction_id`, `host_id`, `booking_id`, `guest_id`, `transaction_desc`, `transaction_amount`, `date`) VALUES (123, 'MEAL', NULL, 15, 'horse@email.com', 'Meal costs', '-100.00', '2019-10-08');
INSERT INTO `mydb`.`hostguest_has_transaction` (`payment_id`, `transaction_id`, `host_id`, `booking_id`, `guest_id`, `transaction_desc`, `transaction_amount`, `date`) VALUES (124, 'MEAL', NULL, 16, 'ally@email.com', 'Meal costs', '-100.00', '2019-10-09');
INSERT INTO `mydb`.`hostguest_has_transaction` (`payment_id`, `transaction_id`, `host_id`, `booking_id`, `guest_id`, `transaction_desc`, `transaction_amount`, `date`) VALUES (125, 'MEAL', NULL, 17, 'bear@email.com', 'Meal costs', '-100.00', '2019-10-10');
INSERT INTO `mydb`.`hostguest_has_transaction` (`payment_id`, `transaction_id`, `host_id`, `booking_id`, `guest_id`, `transaction_desc`, `transaction_amount`, `date`) VALUES (126, 'MEAL', NULL, 18, 'cat@email.com', 'Meal costs', '-100.00', '2019-10-11');
INSERT INTO `mydb`.`hostguest_has_transaction` (`payment_id`, `transaction_id`, `host_id`, `booking_id`, `guest_id`, `transaction_desc`, `transaction_amount`, `date`) VALUES (127, 'MEAL', NULL, 19, 'dog@email.com', 'Meal costs', '-100.00', '2019-10-12');
INSERT INTO `mydb`.`hostguest_has_transaction` (`payment_id`, `transaction_id`, `host_id`, `booking_id`, `guest_id`, `transaction_desc`, `transaction_amount`, `date`) VALUES (128, 'MEAL', NULL, 20, 'flamingo@email.com', 'Meal costs', '-100.00', '2019-10-13');
INSERT INTO `mydb`.`hostguest_has_transaction` (`payment_id`, `transaction_id`, `host_id`, `booking_id`, `guest_id`, `transaction_desc`, `transaction_amount`, `date`) VALUES (129, 'MEAL', NULL, 21, 'giraffe@email.com', 'Meal costs', '-100.00', '2019-10-14');
INSERT INTO `mydb`.`hostguest_has_transaction` (`payment_id`, `transaction_id`, `host_id`, `booking_id`, `guest_id`, `transaction_desc`, `transaction_amount`, `date`) VALUES (130, 'MEAL', NULL, 22, 'horse@email.com', 'Meal costs', '-100.00', '2019-10-15');
INSERT INTO `mydb`.`hostguest_has_transaction` (`payment_id`, `transaction_id`, `host_id`, `booking_id`, `guest_id`, `transaction_desc`, `transaction_amount`, `date`) VALUES (131, 'MEAL', NULL, 23, 'cat@email.com', 'Meal costs', '-100.00', '2019-10-16');
INSERT INTO `mydb`.`hostguest_has_transaction` (`payment_id`, `transaction_id`, `host_id`, `booking_id`, `guest_id`, `transaction_desc`, `transaction_amount`, `date`) VALUES (132, 'MEAL', NULL, 24, 'dog@email.com', 'Meal costs', '-100.00', '2019-10-17');
INSERT INTO `mydb`.`hostguest_has_transaction` (`payment_id`, `transaction_id`, `host_id`, `booking_id`, `guest_id`, `transaction_desc`, `transaction_amount`, `date`) VALUES (133, 'MEAL', NULL, 25, 'flamingo@email.com', 'Meal costs', '-100.00', '2019-10-18');
INSERT INTO `mydb`.`hostguest_has_transaction` (`payment_id`, `transaction_id`, `host_id`, `booking_id`, `guest_id`, `transaction_desc`, `transaction_amount`, `date`) VALUES (134, 'MEAL', NULL, 26, 'giraffe@email.com', 'Meal costs', '-100.00', '2019-10-19');
INSERT INTO `mydb`.`hostguest_has_transaction` (`payment_id`, `transaction_id`, `host_id`, `booking_id`, `guest_id`, `transaction_desc`, `transaction_amount`, `date`) VALUES (135, 'MEAL', NULL, 27, 'horse@email.com', 'Meal costs', '-100.00', '2019-10-20');
INSERT INTO `mydb`.`hostguest_has_transaction` (`payment_id`, `transaction_id`, `host_id`, `booking_id`, `guest_id`, `transaction_desc`, `transaction_amount`, `date`) VALUES (136, 'MEAL', NULL, 28, 'ally@email.com', 'Meal costs', '-100.00', '2019-10-21');
INSERT INTO `mydb`.`hostguest_has_transaction` (`payment_id`, `transaction_id`, `host_id`, `booking_id`, `guest_id`, `transaction_desc`, `transaction_amount`, `date`) VALUES (137, 'MEAL', NULL, 29, 'bear@email.com', 'Meal costs', '-100.00', '2019-10-22');
INSERT INTO `mydb`.`hostguest_has_transaction` (`payment_id`, `transaction_id`, `host_id`, `booking_id`, `guest_id`, `transaction_desc`, `transaction_amount`, `date`) VALUES (138, 'MEAL', NULL, 30, 'cat@email.com', 'Meal costs', '-100.00', '2019-10-23');
INSERT INTO `mydb`.`hostguest_has_transaction` (`payment_id`, `transaction_id`, `host_id`, `booking_id`, `guest_id`, `transaction_desc`, `transaction_amount`, `date`) VALUES (139, 'MEAL', NULL, 31, 'dog@email.com', 'Meal costs', '-100.00', '2019-10-24');
INSERT INTO `mydb`.`hostguest_has_transaction` (`payment_id`, `transaction_id`, `host_id`, `booking_id`, `guest_id`, `transaction_desc`, `transaction_amount`, `date`) VALUES (140, 'MEAL', NULL, 32, 'flamingo@email.com', 'Meal costs', '-100.00', '2019-10-24');
INSERT INTO `mydb`.`hostguest_has_transaction` (`payment_id`, `transaction_id`, `host_id`, `booking_id`, `guest_id`, `transaction_desc`, `transaction_amount`, `date`) VALUES (141, 'MEAL', NULL, 33, 'giraffe@email.com', 'Meal costs', '-100.00', '2019-10-25');
INSERT INTO `mydb`.`hostguest_has_transaction` (`payment_id`, `transaction_id`, `host_id`, `booking_id`, `guest_id`, `transaction_desc`, `transaction_amount`, `date`) VALUES (142, 'MEAL', NULL, 34, 'horse@email.com', 'Meal costs', '-100.00', '2019-10-26');
INSERT INTO `mydb`.`hostguest_has_transaction` (`payment_id`, `transaction_id`, `host_id`, `booking_id`, `guest_id`, `transaction_desc`, `transaction_amount`, `date`) VALUES (143, 'MEAL', NULL, 35, 'cat@email.com', 'Meal costs', '-100.00', '2019-10-27');
INSERT INTO `mydb`.`hostguest_has_transaction` (`payment_id`, `transaction_id`, `host_id`, `booking_id`, `guest_id`, `transaction_desc`, `transaction_amount`, `date`) VALUES (144, 'MEAL', NULL, 36, 'dog@email.com', 'Meal costs', '-100.00', '2019-10-28');
INSERT INTO `mydb`.`hostguest_has_transaction` (`payment_id`, `transaction_id`, `host_id`, `booking_id`, `guest_id`, `transaction_desc`, `transaction_amount`, `date`) VALUES (145, 'MEAL', NULL, 38, 'giraffe@email.com', 'Meal costs', '-100.00', '2019-10-29');
INSERT INTO `mydb`.`hostguest_has_transaction` (`payment_id`, `transaction_id`, `host_id`, `booking_id`, `guest_id`, `transaction_desc`, `transaction_amount`, `date`) VALUES (146, 'MEAL', NULL, 39, 'horse@email.com', 'Meal costs', '-100.00', '2019-10-31');
INSERT INTO `mydb`.`hostguest_has_transaction` (`payment_id`, `transaction_id`, `host_id`, `booking_id`, `guest_id`, `transaction_desc`, `transaction_amount`, `date`) VALUES (147, 'MEAL', NULL, 40, 'ally@email.com', 'Meal costs', '-100.00', '2019-11-01');

COMMIT;


-- -----------------------------------------------------
-- Data for table `mydb`.`status`
-- -----------------------------------------------------
START TRANSACTION;
USE `mydb`;
INSERT INTO `mydb`.`status` (`status_id`, `booking_id`, `offer_status`, `booking_status`) VALUES (1, 1, 'Accepted', 'Confirmed');
INSERT INTO `mydb`.`status` (`status_id`, `booking_id`, `offer_status`, `booking_status`) VALUES (2, 2, 'Accepted', 'Confirmed');
INSERT INTO `mydb`.`status` (`status_id`, `booking_id`, `offer_status`, `booking_status`) VALUES (3, 3, 'Accepted', 'Confirmed');
INSERT INTO `mydb`.`status` (`status_id`, `booking_id`, `offer_status`, `booking_status`) VALUES (4, 4, 'Accepted', 'Confirmed');
INSERT INTO `mydb`.`status` (`status_id`, `booking_id`, `offer_status`, `booking_status`) VALUES (5, 4, 'Cancelled', 'Cancelled');
INSERT INTO `mydb`.`status` (`status_id`, `booking_id`, `offer_status`, `booking_status`) VALUES (6, 4, 'Cancelled', 'Cancelled');
INSERT INTO `mydb`.`status` (`status_id`, `booking_id`, `offer_status`, `booking_status`) VALUES (7, 5, 'Accepted', 'Confirmed');
INSERT INTO `mydb`.`status` (`status_id`, `booking_id`, `offer_status`, `booking_status`) VALUES (8, 6, 'Accepted', 'Confirmed');
INSERT INTO `mydb`.`status` (`status_id`, `booking_id`, `offer_status`, `booking_status`) VALUES (9, 7, 'Cancelled', 'Cancelled');
INSERT INTO `mydb`.`status` (`status_id`, `booking_id`, `offer_status`, `booking_status`) VALUES (10, 8, 'Accepted', 'Confirmed');
INSERT INTO `mydb`.`status` (`status_id`, `booking_id`, `offer_status`, `booking_status`) VALUES (11, 9, 'Accepted', 'Confirmed');
INSERT INTO `mydb`.`status` (`status_id`, `booking_id`, `offer_status`, `booking_status`) VALUES (12, 10, 'Accepted', 'Confirmed');
INSERT INTO `mydb`.`status` (`status_id`, `booking_id`, `offer_status`, `booking_status`) VALUES (13, 11, 'Accepted', 'Confirmed');
INSERT INTO `mydb`.`status` (`status_id`, `booking_id`, `offer_status`, `booking_status`) VALUES (14, 11, 'Cancelled', 'Cancelled');
INSERT INTO `mydb`.`status` (`status_id`, `booking_id`, `offer_status`, `booking_status`) VALUES (15, 12, 'Accepted', 'Confirmed');
INSERT INTO `mydb`.`status` (`status_id`, `booking_id`, `offer_status`, `booking_status`) VALUES (16, 13, 'Accepted', 'Confirmed');
INSERT INTO `mydb`.`status` (`status_id`, `booking_id`, `offer_status`, `booking_status`) VALUES (17, 14, 'Accepted', 'Confirmed');
INSERT INTO `mydb`.`status` (`status_id`, `booking_id`, `offer_status`, `booking_status`) VALUES (18, 15, 'Accepted', 'Confirmed');
INSERT INTO `mydb`.`status` (`status_id`, `booking_id`, `offer_status`, `booking_status`) VALUES (19, 16, 'Accepted', 'Confirmed');
INSERT INTO `mydb`.`status` (`status_id`, `booking_id`, `offer_status`, `booking_status`) VALUES (20, 17, 'Accepted', 'Confirmed');
INSERT INTO `mydb`.`status` (`status_id`, `booking_id`, `offer_status`, `booking_status`) VALUES (21, 18, 'Accepted', 'Confirmed');
INSERT INTO `mydb`.`status` (`status_id`, `booking_id`, `offer_status`, `booking_status`) VALUES (22, 19, 'Accepted', 'Confirmed');
INSERT INTO `mydb`.`status` (`status_id`, `booking_id`, `offer_status`, `booking_status`) VALUES (23, 19, 'Cancelled', 'Cancelled');
INSERT INTO `mydb`.`status` (`status_id`, `booking_id`, `offer_status`, `booking_status`) VALUES (24, 19, 'Cancelled', 'Confirmed');
INSERT INTO `mydb`.`status` (`status_id`, `booking_id`, `offer_status`, `booking_status`) VALUES (25, 20, 'Accepted', 'Confirmed');
INSERT INTO `mydb`.`status` (`status_id`, `booking_id`, `offer_status`, `booking_status`) VALUES (26, 21, 'Accepted', 'Confirmed');
INSERT INTO `mydb`.`status` (`status_id`, `booking_id`, `offer_status`, `booking_status`) VALUES (27, 22, 'Accepted', 'Confirmed');
INSERT INTO `mydb`.`status` (`status_id`, `booking_id`, `offer_status`, `booking_status`) VALUES (28, 23, 'Accepted', 'Confirmed');
INSERT INTO `mydb`.`status` (`status_id`, `booking_id`, `offer_status`, `booking_status`) VALUES (29, 24, 'Accepted', 'Confirmed');
INSERT INTO `mydb`.`status` (`status_id`, `booking_id`, `offer_status`, `booking_status`) VALUES (30, 25, 'Accepted', 'Confirmed');
INSERT INTO `mydb`.`status` (`status_id`, `booking_id`, `offer_status`, `booking_status`) VALUES (31, 26, 'Accepted', 'Confirmed');
INSERT INTO `mydb`.`status` (`status_id`, `booking_id`, `offer_status`, `booking_status`) VALUES (32, 27, 'Accepted', 'Confirmed');
INSERT INTO `mydb`.`status` (`status_id`, `booking_id`, `offer_status`, `booking_status`) VALUES (33, 28, 'Accepted', 'Confirmed');
INSERT INTO `mydb`.`status` (`status_id`, `booking_id`, `offer_status`, `booking_status`) VALUES (34, 29, 'Accepted', 'Confirmed');
INSERT INTO `mydb`.`status` (`status_id`, `booking_id`, `offer_status`, `booking_status`) VALUES (35, 29, 'Accepted', 'Cancelled');
INSERT INTO `mydb`.`status` (`status_id`, `booking_id`, `offer_status`, `booking_status`) VALUES (36, 30, 'Accepted', 'Confirmed');
INSERT INTO `mydb`.`status` (`status_id`, `booking_id`, `offer_status`, `booking_status`) VALUES (37, 31, 'Accepted', 'Confirmed');
INSERT INTO `mydb`.`status` (`status_id`, `booking_id`, `offer_status`, `booking_status`) VALUES (38, 31, 'Accepted', 'Confirmed');
INSERT INTO `mydb`.`status` (`status_id`, `booking_id`, `offer_status`, `booking_status`) VALUES (39, 32, 'Accepted', 'Confirmed');
INSERT INTO `mydb`.`status` (`status_id`, `booking_id`, `offer_status`, `booking_status`) VALUES (40, 33, 'Accepted', 'Confirmed');
INSERT INTO `mydb`.`status` (`status_id`, `booking_id`, `offer_status`, `booking_status`) VALUES (41, 33, 'Cancelled', 'Cancelled');
INSERT INTO `mydb`.`status` (`status_id`, `booking_id`, `offer_status`, `booking_status`) VALUES (42, 34, 'Accepted', 'Confirmed');
INSERT INTO `mydb`.`status` (`status_id`, `booking_id`, `offer_status`, `booking_status`) VALUES (43, 35, 'Accepted', 'Confirmed');
INSERT INTO `mydb`.`status` (`status_id`, `booking_id`, `offer_status`, `booking_status`) VALUES (44, 36, 'Accepted', 'Confirmed');
INSERT INTO `mydb`.`status` (`status_id`, `booking_id`, `offer_status`, `booking_status`) VALUES (45, 37, 'Accepted', 'Cancelled');
INSERT INTO `mydb`.`status` (`status_id`, `booking_id`, `offer_status`, `booking_status`) VALUES (46, 38, 'Accepted', 'Confirmed');
INSERT INTO `mydb`.`status` (`status_id`, `booking_id`, `offer_status`, `booking_status`) VALUES (47, 39, 'Accepted', 'Confirmed');
INSERT INTO `mydb`.`status` (`status_id`, `booking_id`, `offer_status`, `booking_status`) VALUES (48, 40, 'Accepted', 'Confirmed');

COMMIT;

